000000000000000000000000000000000000000000000000000000000000000000000000000000000000000000000000000000000000000000000000000000000000000000000000000000000000000000000000000000000000000000000000000000000000000000000000000000000000000000000000000000000000000000000000000000000000000000000000000000000000000000000000000000000000000000000000000000000000000000000000000000000000000000000000000000000000000000000000000000000000000000000000000000000000000000000000000000000000000000000000000000000000000000000000000000000000000000000000000000000000000000000000000000000000000000000000000000000000000000000000
000000000000000000000000000000000000000000000000000000000000000000000000000000000000000000000000000000000000000000000000000000000000000000000000000000000000000000000000000000000000000000000000000000000000000000000000000000000000000000000000000000000000000000000000000000000000000000000100101010110111011010101010101010000000000000000000000000000000000000000000000000000000000000000000000000000000000000000000000000000000000000000000000000000000000000000000000000000000000000000000000000000000000000000000000000000000000000000000000000000000000000000000000000000000000000000000000000000000000000000000
000000000000000000000000000000000000000000000000000000000000000000000000000000000000000000000000000000000000000000000000000000000000000000000000000000000000000000000000000000000000000000000000000000000000000000000000000000000000000000000000000000000000000000000000000000000010101111111111111111111101101111111111111111111111101010000000000000000000000000000000000000000000000000000000000000000000000000000000000000000000000000000000000000000000000000000000000000000000000000000000000000000000000000000000000000000000000000000000000000000000000000000000000000000000000000000000000000000000000000000000
000000000000000000000000000000000000000000000000000000000000000000000000000000000000000000000000000000000000000000000000000000000000000000000000000000000000000000000000000000000000000000000000000000000000000000000000000000000000000000000000000000000000000000000000101011111111110101010101010101010111011010101001001010101010111111111110100000000000000000000000000000000000000000000000000000000000000000000000000000000000000000000000000000000000000000000000000000000000000000000000000000000000000000000000000000000000000000000000000000000000000000000000000000000000000000000000000000000000000000000000
000000000000000000000000000000000000000000000000000000000000000000000000000000000000000000000000000000000000000000000000000000000000000000000000000000000000000000000000000000000000000000000000000000000000000000000000000000000000000000000000000000000000000000011011101101010100101011111011111110111101110101010110110110111011010101011011111111101000000000000000000000000000000000000000000000000000000000000000000000000000000000000000000000000000000000000000000000000000000000000000000000000000000000000000000000000000000000000000000000000000000000000000000000000000000000000000000000000000000000000000
000000000000000000000000000000000000000000000000000000000000000000000000000000000000000000000000000000000000000000000000000000000000000000000000000000000000000000000000000000000000000000000000000000000000000000000000000000000000000000000000000000000001011111101101011011011011011101010110101011010110101110111011011011010110110111101110110110111111010000000000000000000000000000000000000000000000000000000000000000000000000000000000000000000000000000000000000000000000000000000000000000000000000000000000000000000000000000000000000000000000000000000000000000000000000000000000000000000000000000000000
000000000000000000000000000000000000000000000000000000000000000000000000000000000000000000000000000000000000000000000000000000000000000000000000000000000000000000000000000000000000000000000000000000000000000000000000000000000000000000000000000000101111110101011011110110101101101011011101101101011010110101101010101010101101010101011011011011010101111111110000000000000000000000000000000000000000000000000000000000000000000000000000000000000000000000000000000000000000000000000000000000000000000000000000000000000000000000000000000000000000000000000000000000000000000000000000000000000000000000000000
000000000000000000000000000000000000000000000000000000000000000000000000000000000000000000000000000000000000000000000000000000000000000000000000000000000000000000000000000000000000000000000000000000000000000000000000000000000000000000000000010111101000101011010101010101101010110101101011010110101101011010101101101101101010101010110110110111111011011010111110100000000000000000000000000000000000000000000000000000000000000000000000000000000000000000000000000000000000000000000000000000000000000000000000000000000000000000000000000000000000000000000000000000000000000000000000000000000000000000000000
000000000000000000000000000000000000000000000000000000000000000000000000000000000000000000000000000000000000000000000000000000000000000000000000000000000000000000000000000000000000000000000000000000000000000000000000000000000000000000001011111101010110101010101101010101011011010110110110110101011011010110110101011011011011011010101011011101001101110111101011111101000000000000000000000000000000000000000000000000000000000000000000000000000000000000000000000000000000000000000000000000000000000000000000000000000000000000000000000000000000000000000000000000000000000000000000000000000000000000000000
000000000000000000000000000000000000000000000000000000000000000000000000000000000000000000000000000000000000000000000000000000000000000000000000000000000000000000000000000000000000000000000000000000000000000000000000000000000000000010110101001010101010101101010101101101101101011010101010101010101010101011010110101010101010101101101101101011110110101101011110101111111000000000000000000000000000000000000000000000000000000000000000000000000000000000000000000000000000000000000000000000000000000000000000000000000000000000000000000000000000000000000000000000000000000000000000000000000000000000000000
000000000000000000000000000000000000000000000000000000000000000000000000000000000000000000000000000000000000000000000000000000000000000000000000000000000000000000000000000000000000000000000000000000000000000000000000000000000001011110101010110101010101101011011010101010101010110101010101010101101010110101010101010101010101101011010101010101011011011011110101111010101111010000000000000000000000000000000000000000000000000000000000000000000000000000000000000000000000000000000000000000000000000000000000000000000000000000000000000000000000000000000000000000000000000000000000000000000000000000000000
000000000000000000000000000000000000000000000000000000000000000000000000000000000000000000000000000000000000000000000000000000000000000000000000000000000000000000000000000000000000000000000000000000000000000000000000000000001010100010101101101101011010101010101101010101010101010101101010101010101010101010101010110101010101010101101110110110101101110110111110101111110111111101000000000000000000000000000000000000000000000000000000000000000000000000000000000000000000000000000000000000000000000000000000000000000000000000000000000000000000000000000000000000000000000000000000000000000000000000000000
000000000000000000000000000000000000000000000000000000000000000000000000000000000000000000000000000000000000000000000000000000000000000000000000000000000000000000000000000000000000000000000000000000000000000000000000000000110101011101101011010101010101011010101010101011010101010101010101010101010101010101010101001011010110101101010101101101111011011011010101110101011101010111111100000000000000000000000000000000000000000000000000000000000000000000000000000000000000000000000000000000000000000000000000000000000000000000000000000000000000000000000000000000000000000000000000000000000000000000000000
000000000000000000000000000000000000000000000000000000000000000000000000000000000000000000000000000000000000000000000000000000000000000000000000000000000000000000000000000000000000000000000000000000000000000000000000010111001010100101010101010110101010100101010101010101010101010101010101010101010101010101010101101010101010110101101010110110101101101101101110111011110111111010101011100000000000000000000000000000000000000000000000000000000000000000000000000000000000000000000000000000000000000000000000000000000000000000000000000000000000000000000000000000000000000000000000000000000000000000000000
000000000000000000000000000000000000000000000000000000000000000000000000000000000000000000000000000000000000000000000000000000000000000000000000000000000000000000000000000000000000000000000000000000000000000000000001010100010101011010101010110101010101011010101010101010101010101010101001010101010100101010101010010101010101010101010111010101101010110111011101101101011110101111111110111110000000000000000000000000000000000000000000000000000000000000000000000000000000000000000000000000000000000000000000000000000000000000000000000000000000000000000000000000000000000000000000000000000000000000000000
000000000000000000000000000000000000000000000000000000000000000000000000000000000000000000000000000000000000000000000000000000000000000000000000000000000000000000000000000000000000000000000000000000000000000000101101000010100101001010110101001010101010100101010101010101011010101010010101010101010010100101010101010101010110101010101010101010110111011010110111011111010111111010101011101011100000000000000000000000000000000000000000000000000000000000000000000000000000000000000000000000000000000000000000000000000000000000000000000000000000000000000000000000000000000000000000000000000000000000000000
000000000000000000000000000000000000000000000000000000000000000000000000000000000000000000000000000000000000000000000000000000000000000000000000000000000000000000000000000000000000000000000000000000000000000011010000101010010100101010100101010101010101010101010101010101010010101010101010101010101010101001001010101010101001010101110101010101001101010111011010111010111010101111111111011110111110000000000000000000000000000000000000000000000000000000000000000000000000000000000000000000000000000000000000000000000000000000000000000000000000000000000000000000000000000000000000000000000000000000000000
000000000000000000000000000000000000000000000000000000000000000000000000000000000000000000000000000000000000000000000000000000000000000000000000000000000000000000000000000000000000000000000000000000000000101100000100010001010101010101010101010101001010101010101001001010101010101010100101010101001001010101010100101001010101011010010101010101110101101101101101101111011111111010101101110111101111100000000000000000000000000000000000000000000000000000000000000000000000000000000000000000000000000000000000000000000000000000000000000000000000000000000000000000000000000000000000000000000000000000000000
000000000000000000000000000000000000000000000000000000000000000000000000000000000000000000000000000000000000000000000000000000000000000000000000000000000000000000000000000000000000000000000000000000000101010000101001001010101010101010101010100100101001001010100100101010010100100101010100100000010010010010010010100101010101010101101010101101001010101010110110101010110101010111110111011110111010111110000000000000000000000000000000000000000000000000000000000000000000000000000000000000000000000000000000000000000000000000000000000000000000000000000000000000000000000000000000000000000000000000000000
000000000000000000000000000000000000000000000000000000000000000000000000000000000000000000000000000000000000000000000000000000000000000000000000000000000000000000000000000000000000000000000000000000010100100010000010010101010101010100100100101010101010100100101001001001001010010010101010010110101001001001001001001010010101010101010101010101010101010101010101110101011011111101111101110111101111011011100000000000000000000000000000000000000000000000000000000000000000000000000000000000000000000000000000000000000000000000000000000000000000000000000000000000000000000000000000000000000000000000000000
000000000000000000000000000000000000000000000000000000000000000000000000000000000000000000000000000000000000000000000000000000000000000000000000000000000000000000000000000000000000000000000000000001010010001000010100101010101001010101001001010001001001001001000100100100100001001010010001010101010010100101010010010101010010010110101010101010110101010101101101010110110110101011010111011110111101110110111100000000000000000000000000000000000000000000000000000000000000000000000000000000000000000000000000000000000000000000000000000000000000000000000000000000000000000000000000000000000000000000000000
000000000000000000000000000000000000000000000000000000000000000000000000000000000000000000000000000000000000000000000000000000000000000000000000000000000000000000000000000000000000000000000000010110000000000101000101010001001010010001010010001000100100100100101001001000010100100001001010100100100100101001001001001001001001010010100101010101001010101010110110101011011011011101111011110101101011011011010111000000000000000000000000000000000000000000000000000000000000000000000000000000000000000000000000000000000000000000000000000000000000000000000000000000000000000000000000000000000000000000000000
000000000000000000000000000000000000000000000000000000000000000000000000000000000000000000000000000000000000000000000000000000000000000000000000000000000000000000000000000000000000000000000010101001010101010000101000001010010001001010000101010010010010010001000100100001000010010100100100010101001010101010010010010100010010001001010010101010101001001011001001010110101010110110101110101111011111101110101101111000000000000000000000000000000000000000000000000000000000000000000000000000000000000000000000000000000000000000000000000000000000000000000000000000000000000000000000000000000000000000000000
000000000000000000000000000000000000000000000000000000000000000000000000000000000000000000000000000000000000000000000000000000000000000000000000000000000000000000000000000000000000000000001010010000000000001010000010100101001010010001010000000100100100100100100001001010010000100010010010101010100100101001001001000010100100100100001000101001001010101001010101011001010101010111101011111011101010110101110101011111000000000000000000000000000000000000000000000000000000000000000000000000000000000000000000000000000000000000000000000000000000000000000000000000000000000000000000000000000000000000000000
000000000000000000000000000000000000000000000000000000000000000000000000000000000000000000000000000000000000000000000000000000000000000000000000000000000000000000000000000000000000000000110100100100101010101000101010001000100001000010001011010010010001001001001010010001001010001001000000100000101010100010010010010100010010010010100101000010010001001010101010100110101101101101011101010110111101101110101110110010110000000000000000000000000000000000000000000000000000000000000000000000000000000000000000000000000000000000000000000000000000000000000000000000000000000000000000000000000000000000000000
000000000000000000000000000000000000000000000000000000000000000000000000000000000000000000000000000000000000000000000000000000000000000000000000000000000000000000000000000000000000000110000010001001000000010010000000100100010100010000100010000100001010010010010001000100010001000100010100010101001010101010100100100101001001000100010000101001001100100100101010101001101010110101110111101010101011011011010101011101011100000000000000000000000000000000000000000000000000000000000000000000000000000000000000000000000000000000000000000000000000000000000000000000000000000000000000000000000000000000000000
000000000000000000000000000000000000000000000000000000000000000000000000000000000000000000000000000000000000000000000000000000000000000000000000000000000000000000000000000000000000010100101000100100001010100000101010010001000000000010001000010001010001001010101010010010100010010001000001001000101001001001001001001000100100101000100101010010010010010010101101010101010101101010101011011111101110101010110101010101101011100000000000000000000000000000000000000000000000000000000000000000000000000000000000000000000000000000000000000000000000000000000000000000000000000000000000000000000000000000000000
000000000000000000000000000000000000000000000000000000000000000000000000000000000000000000000000000000000000000000000000000000000000000000000000000000000000000000000000000000000010101001000010000001010001001010000001000100010010101000100010000100001010101010100100101000010100101000101010010010010101010100100100100100010010000101001000100100100101001000010101010101010101010110111101101010110101101101101101101010101101010000000000000000000000000000000000000000000000000000000000000000000000000000000000000000000000000000000000000000000000000000000000000000000000000000000000000000000000000000000000
000000000000000000000000000000000000000000000000000000000000000000000000000000000000000000000000000000000000000000000000000000000000000000000000000000000000000000000000000000001010100000001000101010000010000001001010010000000000000010001000010001010001010101001001000101010001000101000000100010100100100010101001011001001000101000010010010010010100100101010010101010101010101010101011011110101010101011010110101011010101011110000000000000000000000000000000000000000000000000000000000000000000000000000000000000000000000000000000000000000000000000000000000000000000000000000000000000000000000000000000
000000000000000000000000000000000000000000000000000000000000000000000000000000000000000000000000000000000000000000000000000000000000000000000000000000000000000000000000000000101000001010010010000000101000101000100000100101001000100000100010100100001010010010100100101001001010101010101101011010101010010100010100100100100101000101001001001001001001001010010101010101010101010101010101101011011101110101010101010101010101101011100000000000000000000000000000000000000000000000000000000000000000000000000000000000000000000000000000000000000000000000000000000000000000000000000000000000000000000000000000
000000000000000000000000000000000000000000000000000000000000000000000000000000000000000000000000000000000000000000000000000000000000000000000000000000000000000000000000000010100100100001000000100101000010010010010101000000000010000100001000001001010000100100001001010010101001001001010010100101101010101010101001001010010000010100100100100010010010010001001000100010101010101010101101010101010101010110101101011010101010101010011000000000000000000000000000000000000000000000000000000000000000000000000000000000000000000000000000000000000000000000000000000000000000000000000000000000000000000000000000
000000000000000000000000000000000000000000000000000000000000000000000000000000000000000000000000000000000000000000000000000000000000000000000000000000000000000000000000001010010000001000010100001000010001000100000010010101010000100001000010100010010101010101010100010100101010110101010101010101010100100001000100100001000101000001001001001001001001001000100010011010101010101010101010101010101010101011010101101011011010101011101110000000000000000000000000000000000000000000000000000000000000000000000000000000000000000000000000000000000000000000000000000000000000000000000000000000000000000000000000
000000000000000000000000000000000000000000000000000000000000000000000000000000000000000000000000000000000000000000000000000000000000000000000000000000000000000000000000010101000010100001000000100000100100010000101001000000000010000100001000001001001001001000101001010101001101001010101010101001010010101010011001001010101000010100100100100100101010010010010100100101010101010101010101101101011011010100110101010101010110110100101001100000000000000000000000000000000000000000000000000000000000000000000000000000000000000000000000000000000000000000000000000000000000000000000000000000000000000000000000
000000000000000000000000000000000000000000000000000000000000000000000000000000000000000000000000000000000000000000000000000000000000000000000000000000000000000000000011000000010000001000010010001010001001000101000100010010010000100001000101000100010010101011010101010101010101010100101010101010101010010101000100101000001010100100010010001001000100100100100010010010001010010101011010101011010101010101010101010101010101011011010110111000000000000000000000000000000000000000000000000000000000000000000000000000000000000000000000000000000000000000000000000000000000000000000000000000000000000000000000
000000000000000000000000000000000000000000000000000000000000000000000000000000000000000000000000000000000000000000000000000000000000000000000000000000000000000000000100010010000100100001001000010000100000010000010001001000000010001010010000010010100101010101010010101010101010101001001001001010101001010010010101010011010010101010100100100100010010010010010100100100101000100010100101010101010101010110101010101010101011010110101001010111000000000000000000000000000000000000000000000000000000000000000000000000000000000000000000000000000000000000000000000000000000000000000000000000000000000000000000
000000000000000000000000000000000000000000000000000000000000000000000000000000000000000000000000000000000000000000000000000000000000000000000000000000000000000000101000000000100000001000000010000100001010001010001000000010101000100000100101000100010101010101001010010101010101010101010101010100100101001001001010101000101001001000010001001001001000100100100010010010000010010100101001010100101010101001010101010101010101010101010110101010100000000000000000000000000000000000000000000000000000000000000000000000000000000000000000000000000000000000000000000000000000000000000000000000000000000000000000
000000000000000000000000000000000000000000000000000000000000000000000000000000000000000000000000000000000000000000000000000000000000000000000000000000000000000001000001001010000010100100101000010001010000100001010001001000010010010010001000001001010010101010101010101010101010100101010100101001001010010101010101001011000010010001000100100100100101001001000100100100101001010001001010001011010101010101010101010101011010101010101010101010111000000000000000000000000000000000000000000000000000000000000000000000000000000000000000000000000000000000000000000000000000000000000000000000000000000000000000
000000000000000000000000000000000000000000000000000000000000000000000000000000000000000000000000000000000000000000000000000000000000000000000000000000000000001100101000000000010000000001000010000100000100001000000110000010101001001001010010101010101010101010101001010010101001010100100101010101010101001010100100101000101001001010010010001001001000010010010001001001000010001010010010101000101010101010101010101010101010101010101010101010101110000000000000000000000000000000000000000000000000000000000000000000000000000000000000000000000000000000000000000000000000000000000000000000000000000000000000
000000000000000000000000000000000000000000000000000000000000000000000000000000000000000000000000000000000000000000000000000000000000000000000000000000000000100010000000010001000100100100001000010001010001010010101000010100010010010010100101010101010101010101010101010101010101001001001001010010101001010100101001000010010010110100101000100100100101001000100100100100001000100000010010010101010101010101011010010101010101010101010101010101001001100000000000000000000000000000000000000000000000000000000000000000000000000000000000000000000000000000000000000000000000000000000000000000000000000000000000
000000000000000000000000000000000000000000000000000000000000000000000000000000000000000000000000000000000000000000000000000000000000000000000000000000000010001000001010000000000000000000100010000100000100000100100010100011010101001100010101101010010010010010101010101010101010101010101010010100010101010010010100101001001101001010000101001001001000100101010010010001010010001010100100100100100101010101010101010101011010101010101010101010110110101000000000000000000000000000000000000000000000000000000000000000000000000000000000000000000000000000000000000000000000000000000000000000000000000000000000
000000000000000000000000000000000000000000000000000000000000000000000000000000000000000000000000000000000000000000000000000000000000000000000000000000000100100000100000100100101001001010000000101000010000010001001000001100101000101010101010010010101010101010010010010101010100100100001001010010100100100100100010100100010010101010111000100100101011010101001100100010001001001000001001010101001010101001010101010101001010101010101010101010101010101100000000000000000000000000000000000000000000000000000000000000000000000000000000000000000000000000000000000000000000000000000000000000000000000000000000
000000000000000000000000000000000000000000000000000000000000000000000000000000000000000000000000000000000000000000000000000000000000000000000000000000010001000100001000000000000000010000010010000010001010100100000010100010010010100101001010101010101010101010101001101010100101010010100100101010101010010010010100101011010101010101000101010011010100101010100010101000100010010010100010001010100101010101010101010101010110101010101010101010101010101011000000000000000000000000000000000000000000000000000000000000000000000000000000000000000000000000000000000000000000000000000000000000000000000000000000
000000000000000000000000000000000000000000000000000000000000000000000000000000000000000000000000000000000000000000000000000000000000000000000000000000100100000000100000001010100101000001001000001000100000000000001000000100100101001000101001010100101010101010101010010101010100100100101001000100010001010101010010100100100100101010111010101101010101010101010101010101000100001001000100010010010100101010101001010101010101010101010101010101010101010110110000000000000000000000000000000000000000000000000000000000000000000000000000000000000000000000000000000000000000000000000000000000000000000000000000
000000000000000000000000000000000000000000000000000000000000000000000000000000000000000000000000000000000000000000000000000000000000000000000000000010010000100100001010010000000000001000000010100010000010010010100001010010101001010110010010010101010101010101010101010101010010010101010010101010101010101000101001010010010010010101010101010010100101001001010101001001010001000100101001010001010010010100010101001010101011010101001010101010110110101010101100000000000000000000000000000000000000000000000000000000000000000000000000000000000000000000000000000000000000000000000000000000000000000000000000
000000000000000000000000000000000000000000000000000000000000000000000000000000000000000000000000000000000000000000000000000000000000000000000000000101000010000001000000000001000100100001001000001000001000000000001001001010010010010010100101010010001010101001001001001010010100101001001010010001001010010101000101001010100100100010101110101101001001010101001010101010001010010001000101001010001010101010100010010100101010100101010101010101001101010101101011000000000000000000000000000000000000000000000000000000000000000000000000000000000000000000000000000000000000000000000000000000000000000000000000
000000000000000000000000000000000000000000000000000000000000000000000000000000000000000000000000000000000000000000000000000000000000000000000000010000101000100000000010000000010000001000010010000001000001001000100010010001010101001001010010010101010101010100100100010000100010000100100101010101010010100010101000100100101010101001010010101001010100101010100101010101010001001000101000100001010010100101010101010010010101011010100100101010101010101010101010100000000000000000000000000000000000000000000000000000000000000000000000000000000000000000000000000000000000000000000000000000000000000000000000
000000000000000000000000000000000000000000000000000000000000000000000000000000000000000000000000000000000000000000000000000000000000000000000000100101000000001001001000101010000100100001000000100100000100000010000001001010010100101010101010101000100101010010010001000001000100101001001000010010010101010100100101001001000100000101001101010101001010100100101010100101010110010010100101001010001001010101001001001010100101010101010101010101010101010101010110111000000000000000000000000000000000000000000000000000000000000000000000000000000000000000000000000000000000000000000000000000000000000000000000
000000000000000000000000000000000000000000000000000000000000000000000000000000000000000000000000000000000000000000000000000000000000000000000010010010001000000000000000000000100000001000010000000001000001000000010010010001000010010101001000100101010010010000000100010100010001000010010101000101010100001001001000100100010001010000101001001001010101010101010001010100101001001000010001010001010010100010101010010010010101010100101010010101010101010101010101001100000000000000000000000000000000000000000000000000000000000000000000000000000000000000000000000000000000000000000000000000000000000000000000
000000000000000000000000000000000000000000000000000000000000000000000000000000000000000000000000000000000000000000000000000000000000000000000101001000000000100100100100100000001000100001000010101000010100001001000000001010010100101001010101010010101101000101010001000000100100001000010010101000010010100100100010010001000000000010010101010101001000101010010101001010100101010101001010001010000100010100100100100100101001010101010010101010101010101010101010111011000000000000000000000000000000000000000000000000000000000000000000000000000000000000000000000000000000000000000000000000000000000000000000
000000000000000000000000000000000000000000000000000000000000000000000000000000000000000000000000000000000000000000000000000000000000000000101000100100100100000000000000001010000010001000001000000010000000100000010101010001001010000101001000101001010010010000000100010100000010100010001010010010100100001000001000100100010101001001000100101010110010000001010100101001010101010101010010100010101001001001010010101010100100100100101001010010010101010010101010100110100000000000000000000000000000000000000000000000000000000000000000000000000000000000000000000000000000000000000000000000000000000000000000
000000000000000000000000000000000000000000000000000000000000000000000000000000000000000000000000000000000000000000000000000000000000000001000101010000000000010001001001000000010000100000100000010000100010000010001000000100100100101010010010010010101100100010010001000000101000001000100101001010010000100001010010000001000000000100010010100101000000001010001001000101001010100100101010010100000100100100100101010010010101010101001010100101010101010101001010101010111000000000000000000000000000000000000000000000000000000000000000000000000000000000000000000000000000000000000000000000000000000000000000
000000000000000000000000000000000000000000000000000000000000000000000000000000000000000000000000000000000000000000000000000000000000000010100000000010010010000100000000001000000100001001000100000100001000010000100101010010010010010001001010101010010010001000000000010010000101000010001000101001000100010010001001010100010010010001001000101010101010100000100101010010101001010101001001001001010010010010010010010100100100101010101001010100100101001010101010101010101110000000000000000000000000000000000000000000000000000000000000000000000000000000000000000000000000000000000000000000000000000000000000
000000000000000000000000000000000000000000000000000000000000000000000000000000000000000000000000000000000000000000000000000000000000000100000101001000000000100000001001000010010001000000010010010000000000001001001000100101001001001010010001000010101000100010010101000001010000001000100010100100010001001000010010100010001000000100100010100010100000000100001010010100100101001001010100100010100100100100101001001001001001010001010010010010101001010101010101010101101011000000000000000000000000000000000000000000000000000000000000000000000000000000000000000000000000000000000000000000000000000000000000
000000000000000000000000000000000000000000000000000000000000000000000000000000000000000000000000000000000000000000000000000000000000010010010000000001000100000010000000010000000000010010000000000101001001000010010010001000100100100001001010101010010010001000000000010100000101000000001010001001000100000010000100010101000010100001010100010101001010010001000101100101001010101010101010010100010010010010001010010100100100001101010101010101010110101010101001010101010101100000000000000000000000000000000000000000000000000000000000000000000000000000000000000000000000000000000000000000000000000000000000
000000000000000000000000000000000000000000000000000000000000000000000000000000000000000000000000000000000000000000000000000000000000101000000001001000010000001000010010000000010010000000001001010000000000000100101001010101001001001010010001001010101000100000101001000001010000010010100000100000000000101001010001001000101000001010000001001000010001000000010010001010010010010101101001010001001000100100100100101001001001010101001010101001001000101010101010101011010110111000000000000000000000000000000000000000000000000000000000000000000000000000000000000000000000000000000000000000000000000000000000
000000000000000000000000000000000000000000000000000000000000000000000000000000000000000000000000000000000000000000000000000000000110000001001000000000000010000001000000100101000000010001000000000010010010100010010010100010010010010001001010101000100010001001000010010000001010000100001000001001010010000000000100000010000010000101101000100101010100010100001100100101010101010110101010001010010010010010101001001010010010000010100100100101010101010100101010010101011010101100000000000000000000000000000000000000000000000000000000000000000000000000000000000000000000000000000000000000000000000000000000
000000000000000000000000000000000000000000000000000000000000000000000000000000000000000000000000000000000000000000000000000000001000100100000000100010010000001000000100000000001001000100000010001000000000001000100100010100100100100100101001010101001000000100000000000010100000010000100001000000000000001010010000101000001000101010000010010000100101000010110010101010101000101001010101101001001001001001000010010100100100110100001001001010101010100101010101010101010101110011000000000000000000000000000000000000000000000000000000000000000000000000000000000000000000000000000000000000000000000000000000
000000000000000000000000000000000000000000000000000000000000000000000000000000000000000000000000000000000000000000000000000000010000000000100010000000000100100001000001001010000000000000101000100001001000100101001001001001001001001001001010010010000010100001010100100100010100100010000100010010001001000000100100000010100000000000101000100101001001011010100100010010101011010110101010000100100010100100101010100101001001001010101010101001010101010101010110101010101010011101100000000000000000000000000000000000000000000000000000000000000000000000000000000000000000000000000000000000000000000000000000
000000000000000000000000000000000000000000000000000000000000000000000000000000000000000000000000000000000000000000000000000000100010010010000000000100100000000000010100000000100100010010000000000000000010001000100100100010010100100100100101001010101000001000000000000001000000001000010000000000100000010010000000101000000010100101000010010000010010000001001001001010010100101010110101010010010100001001000100010010100100100100100010010010101000100101010101010101010101100101010000000000000000000000000000000000000000000000000000000000000000000000000000000000000000000000000000000000000000000000000000
000000000000000000000000000000000000000000000000000000000000000000000000000000000000000000000000000000000000000000000000000010001000000000010010010000000010001001000000100100000001000000100101001010010000100010010010010100100010001010010001010001000010000010001001010010010101000010000010010000001000000000101010000010010000000001010101000101001000101010101010010010101010101010101010001000100010100100101010100100010010010010010101001010010110101010101010101010101010101010111100000000000000000000000000000000000000000000000000000000000000000000000000000000000000000000000000000000000000000000000000
000000000000000000000000000000000000000000000000000000000000000000000000000000000000000000000000000000000000000000000000000100100000010101000000000001001000100100000010000000001000000010000000000000000010010101001010100010010100100100101010010010001000101000100000000000000000001000001000000001000010010010000000001001000010010100001010010100100101000100100101001001010001010101101101010010001001010010010000010010101001001001010100010100101000101010101010101101010101010101010110000000000000000000000000000000000000000000000000000000000000000000000000000000000000000000000000000000000000000000000000
000000000000000000000000000000000000000000000000000000000000000000000000000000000000000000000000000000000000000000000000010001000100100000001000001000000000000000100000101001000001001000010100100100100001000000100000010100100010001010000100100100100010000000001001001010100100100001000001001000000000000000100101000000010010000010101010000101000000100010101001010010010101010101010010101010100100101001001010101001000100100100100101000010010010100101010101010101011010110101101011000000000000000000000000000000000000000000000000000000000000000000000000000000000000000000000000000000000000000000000000
000000000000000000000000000000000000000000000000000000000000000000000000000000000000000000000000000000000000000000000000100100010000000000000000100000010010010010000010000000000100000001000000010000000100101010010101001001010100010000101001010000101000000101000000000000000000000100000100000001001001001010000000010101001000101000001001010000010101001000010010100100010010101010010110101010001011010010100101000010010010010001001000101001001010010100101010101010101011011010101101110000000000000000000000000000000000000000000000000000000000000000000000000000000000000000000000000000000000000000000000
000000000000000000000000000000000000000000000000000000000000000000000000000000000000000000000000000000000000000000000001001000000010001001001000000100000000000000100000010010010000100000010100000101010010001001000001010010010001001010010000000101000010100000010010010001001010000000100000100000000000000000101001000000000010000010100010001010000000010010001001011010100101010101101010100101010100010100010000101001010100100100010010000100100010100010010101010101010101010101010111011000000000000000000000000000000000000000000000000000000000000000000000000000000000000000000000000000000000000000000000
000000000000000000000000000000000000000000000000000000000000000000000000000000000000000000000000000000000000000000000010000001000000100000000010010000100100100100001001000000000010000101000001010000000100100100101010000100100010010001000101010000001000000100000000000100000000100100000010000010010010010010000100000100101000010100000100100001010101000000100100100101010101001010101101011010100101010010100101000010000010010010101001010010010100101001001010101010101010101110110101111110000000000000000000000000000000000000000000000000000000000000000000000000000000000000000000000000000000000000000000
000000000000000000000000000000000000000000000000000000000000000000000000000000000000000000000000000000000000000000001100100100001000000100100000000010000000000000000000001000100000100000010000000010010001000000000000101001001001000100010000000101000100100001001001000000100000000001001000010000000000000000010001010001000010000001010001001000000000010100000001001001010100101010101011010101010101001000010010101001010100100100100100010000100010010010100101010101010101010101101011010111000000000000000000000000000000000000000000000000000000000000000000000000000000000000000000000000000000000000000000
000000000000000000000000000000000000000000000000000000000000000000000000000000000000000000000000000000000000000000010001000000000000000000000000010000001010100100100100100010000010001001000001001000001010001010101010010000010110101001000000100000010000001000000000001000001001001000000000000100100100010010000100000100001000101010000100100010101010100001010100010001010101010110101010110010101001010011001000010010010010010010010010100101001001000100001000010010101010101011011101111101100000000000000000000000000000000000000000000000000000000000000000000000000000000000000000000000000000000000000000
000000000000000000000000000000000000000000000000000000000000000000000000000000000000000000000000000000000000000001001000010001000101001000100100000101000000000000000000000000010000000010010100000010100001010000000001000101001000000000010100001000000100000001000010000010000000000010010010000000000001000000100001000010100010000000101000001000000000001000000010001010101010001001010101001101010101001000100101001001001001001001000100010010010100010010100101001001010101010101010110101010110000000000000000000000000000000000000000000000000000000000000000000000000000000000000000000000000000000000000000
000000000000000000000000000000000000000000000000000000000000000000000000000000000000000000000000000000000000000010100001000000010000000000000000100000001000010010010010010010000100101000000001001000001010000101010100001000010101010101000000000000100001001000001000100000010001001000000000010010001000000100000100001000001000010010000010100010111010100010101001010000101010110101010101010010101010101010010100100100100100100100101001001001000010100100001000110101001001010101101101110111011000000000000000000000000000000000000000000000000000000000000000000000000000000000000000000000000000000000000000
000000000000000000000000000000000000000000000000000000000000000000000000000000000000000000000000000000000000000100001000000100000010010010010010000100000010000000000000000000000000000010000000000010100000101000000010100010100010000000001001001010001000000000100000001000000100000001001001000000100010010001000001000100100001000100100100001000011000010000000100001010001010101010110101010101010101010100100010011010010010010010000100100100101000101001010010001000101010101010110110101101110100000000000000000000000000000000000000000000000000000000000000000000000000000000000000000000000000000000000000
000000000000000000000000000000000000000000000000000000000000000000000000000000000000000000000000000000000000001001000000000000001000000000000000010000010000010001001000100010010101001000010101001000001010000001010100001001000100100100100000100000000010010010000001000000100000100100000000001000000000000000010100010000000100010000010000100001000101000101010000100001010110010101001010101010100100100101001010101010101001001001010010010010000101000010000100100101001001010101010101101101010111000000000000000000000000000000000000000000000000000000000000000000000000000000000000000000000000000000000000
000000000000000000000000000000000000000000000000000000000000000000000000000000000000000000000000000000000000100000010010010010000010010010001000000010000000000100000010001000000000000010000000000010000010101010001010000010010001000000000100000100100000000000010000001000001000000001001000000010001001001000000001000101000001000100100101001000010000100000001010010100010011010101010101010101010101010100100100100100000100100100001001001001010000101001010001001001010100101010101010110110111010100000000000000000000000000000000000000000000000000000000000000000000000000000000000000000000000000000000000
000000000000000000000000000000000000000000000000000000000000000000000000000000000000000000000000000000000001001010000000000000101000000000100001010000100010100000100000000001001000101000001001001000101000000001010100101000000100010010010000010000001001001001000001000001000010001000100001010000100000000000100100010000010100000010000000000001000010010101010001000001001000101010101010010010101010101010010010010101010010010010100100100100100101000100000100100100001001010010101011011011001101110000000000000000000000000000000000000000000000000000000000000000000000000000000000000000000000000000000000
000000000000000000000000000000000000000000000000000000000000000000000000000000000000000000000000000000000010000000000001001000000010010000000000000000001000000000001000100000000010000010100000010010000010101000000001000010010000000000000010000101000010000010001000000100000000100000001000000000001001010100000000000100000001010000101010101010010000000000000100010100010010001101010101010101010100100101001001001001010100100100010010010010010000101001010001000010100101001001011010101101101011011000000000000000000000000000000000000000000000000000000000000000000000000000000000000000000000000000000000
000000000000000000000000000000000000000000000000000000000000000000000000000000000000000000000000000000000100001000100100000001001000000001000101001001000000001001000000001001001000010000001001000000100100000001001010001000100010100101001000010000001000001000100010010000100100000100100010010010100000000000100101010001010100000010001000000001000010101010101000100010100000010001010010101001010101001001010010010010000010010010100100101001000101000010001010001000010010010010100101101011011011010100000000000000000000000000000000000000000000000000000000000000000000000000000000000000000000000000000000
000000000000000000000000000000000000000000000000000000000000000000000000000000000000000000000000000000001001000000000000100100010001001000000000000000001001000000000100000000000010000100000000010100000001010010000010100011000000000000000010000100100010100000000000000000000000000000000000000000000100010010000000000000000010010001000101001000010000000000000010001000001010101101010101010101010101010100101001001010101001001001010101000100101000101001000001010010000100101010010101010110110101011010000000000000000000000000000000000000000000000000000000000000000000000000000000000000000000000000000000
000000000000000000000000000000000000000000000000000000000000000000000000000000000000000000000000000000010000000010000100000001000000000000100100001001000000000010010000100100101000010000101001000000100100000000001000101000010100100100010000010000000000000010010010010010001000101001001001001010010001000000010010010101001001000100010000100001000101010101010100100101010001000010010010100101011010101010100100100100010101010100100101010101000101000100101010001001010010000101010101101101101110101101100000000000000000000000000000000000000000000000000000000000000000000000000000000000000000000000000000
000000000000000000000000000000000000000000000000000000000000000000000000000000000000000000000000000001000100010000100001001010000100000000000001000000010010010000000010000000000010000010000000010000000001001001010010000000000000000001000100000100100100101000000000000000100000000000000000000000000000010010000000100000010000010001000100001000101000000000000001000000000100101010101001010101010101010010010010010010100010000101010010010100101000101001000001000100001000101001010010101010110101101010100000000000000000000000000000000000000000000000000000000000000000000000000000000000000000000000000000
000000000000000000000000000000000000000000000000000000000000000000000000000000000000000000000000000010010000000000000000000000000000010010010000000100000000000000100000001001001001001000001001000001010100000100001000010100100010010100000000100000000000000000100100100100000001000001000100010010010101000000001010001001000101000100010000100010010010010101010100010101010010010010100100101010100101010100101001000100010100101000101010100101000101000100010100101001010001000100100101010101010111010111011000000000000000000000000000000000000000000000000000000000000000000000000000000000000000000000000000
000000000000000000000000000000000000000000000000000000000000000000000000000000000000000000000000000100100001000100010001010001001000000000000010000001001000100100001001000010000000000010000000010100000000100001010010000000001000000000100100001001001001000100000000000001001000010000010000000000000000001001000000000000010000100010000101001000100000100000000001000010000100100101010010100101010101001010001010010010100101001010101010101010101010010010100010000100000100100010010101011010111010111010101000000000000000000000000000000000000000000000000000000000000000000000000000000000000000000000000000
000000000000000000000000000000000000000000000000000000000000000000000000000000000000000000000000001000000000000000000000000000000001001000100000010100000010000000000100001000010101001000100101000000000010010010000000100001000000100010000001000000000000000000010010001000000010000010000010010010010000100000000100100101000010001000010000000010001010010010101010001000101000101010100100101010010101010101010100101010010100100101010101010010100100100101001001010001010010001000101010010101101011101101110110000000000000000000000000000000000000000000000000000000000000000000000000000000000000000000000000
000000000000000000000000000000000000000000000000000000000000000000000000000000000000000000000000000010100100100100100100001000000000000000001000000000100000010010100001000010000000000000001000000101010000000000100100001000010010001000010000010010100100100010000000100000100000001000001000000000000100001001000001000000010000100010000101010000000000000100000000100100000010010101001010010010101010101010100010001001000101010001001010101010101010101000101000001000001001010010001001001101011010101010101011000000000000000000000000000000000000000000000000000000000000000000000000000000000000000000000000
000000000000000000000000000000000000000000000000000000000000000000000000000000000000000000000000010100000000000000000000100000100100010001000000100100001001000000010100001000100100010010100000010000000001001010000010000010000000000000000101000000000000001000000100000010001000100000100000100100100001000000010100001001000010001001010000000010101001010000101010010010101001001010010001010101010101001001001001010100101010001010010101010101010001000101000101010010100100001000100110100101010110111011011010100000000000000000000000000000000000000000000000000000000000000000000000000000000000000000000000
000000000000000000000000000000000000000000000000000000000000000000000000000000000000000000000001000000010001001000000000000100000000000100000100000001000000001000000000100000000001000000001001000010010100000000010000100000001001001010000000010100101001000010010000010000000010000100000100000000000000010010000001000010010000100000000100101000000010000100000000100000001000000101001010010011101010110010101010010010010001010101010101010100101010101000101000001000010010100010001001001010101101010101101101010000000000000000000000000000000000000000000000000000000000000000000000000000000000000000000000
000000000000000000000000000000000000000000000000000000000000000000000000000000000000000000000010101001000100000010010101000000001000100000010000100100000100100001010010000001010100001001000000001000000001001001000100001000100000000000101001000000000000010000000001000100010000000000010001001001001010000000000100001000000101000101010000000001001000010010101010001010100001010010110100101010101010100101010100100010101010101000101001010101100101000101000010100101001000001000100010010101010101101101011011011000000000000000000000000000000000000000000000000000000000000000000000000000000000000000000000
000000000000000000000000000000000000000000000000000000000000000000000000000000000000000000000100000000010000100000000000001001000000000001000000000001000000001000000000101000000001000000010010000001000000010000010000000010000100100000000000010010100100000100100100000001000001001001000000000000000000101001000001000010100000100000000101001000010010001000000000100000010100001001010010101010101010101010101010010100101001000101000100100100010001010000101001001000100101010010010001000101011010110110101010101100000000000000000000000000000000000000000000000000000000000000000000000000000000000000000000
000000000000000000000000000000000000000000000000000000000000000000000000000000000000000000001000001001000000010010010000000000000001000100000001001000001001000010010010000100100100010101000000100100010101000001000010010000010000000101001010100000000000010000000000001000000100000000000100010001000100000000100100001000010010001010010000100001000000100001010101001010100010100010101001001010101010101010101001010010101010101010101010010010101010100101010010010010010000001001000100101010101010101101101010110010000000000000000000000000000000000000000000000000000000000000000000000000000000000000000000
000000000000000000000000000000000000000000000000000000000000000000000000000000000000000000010001000010010101000000000101000010010000000000010000000000100000010000000100000000000000000000010010000001000000010100010000000100000101001000010000001001001010000100101001000010010000100010000001000100010001001000000001000010000100100000100100001010010100001000000000100000001000010001100101010101010101101010010100100101010100010001001001001001001001010100001010000100100101000100010010010010010101010101010110101101000000000000000000000000000000000000000000000000000000000000000000000000000000000000000000
000000000000000000000000000000000000000000000000000000000000000000000000000000000000000000100000001001000000000100100000001000000010001000000100100010000001000100010000101001010101010010001000010100000010000000000000100000010000000001000001000100000000010000000000001000000000000000010100000000000100000000100100001000010000010010000000100000000010100010101010010101010010100100101010010010100100101010101011001010001010101010010010101010010100100010101000101001001001010001001001000100101010101110111010101101100000000000000000000000000000000000000000000000000000000000000000000000000000000000000000
000000000000000000000000000000000000000000000000000000000000000000000000000000000000000001000100100100001010100000000001000000000000100010000000001000101010000001000100000010000000000100000010000001010000100101001000001001000010100100010010010001001000000010010010000010010010010001000000100010010001001010000001000101000101000100101001001001010000001000000010000000100100001001010101101001011010101001001001010010101010100101001001001010101010010100010010010010010010001010010010010010010101010011010110101010010000000000000000000000000000000000000000000000000000000000000000000000000000000000000000
000000000000000000000000000000000000000000000000000000000000000000000000000000000000000010000000010000100000001000100100000001001000000000010001000010000000100100010001001000010010010000101000100100000010010000000010100000001000000000001000000000000001001000000000001000000000000100000010001001000000000000000100010000010000010000000000000100000010100010010100101010010010100100101010100010100100101010101010101101010100101000010100100100100100101001001010100100100100010001001001010101001010101110101101011011101000000000000000000000000000000000000000000000000000000000000000000000000000000000000000
000000000000000000000000000000000000000000000000000000000000000000000000000000000000000100010010000100001010000010000000100100000000001000000000010000100100000001000100010010000100000100000000000001010000000101001000000100100010010101000010100100100100000010010010100001001010000000100000000000010010010001010001000100000101000101001010010001001000001000100001000001000100010010011010101010010101010101010101001000101011010010100101010010010010100101010010010001010010101000010010001010101011010010110110101010101100000000000000000000000000000000000000000000000000000000000000000000000000000000000000
000000000000000000000000000000000000000000000000000000000000000000000000000000000000001000000000010000100000100000001000000000000100100000100010000100010000000100000001000000010000010000010010010100000101010000000000010000000001000000001000000000000000010000000000000000000000100100000010010001000000000100000000010000101000000000100001000000100010100010000100010100101001001000100100101001011010101010101001010011001010100101010010001010101010010100100101010110001010100110100001010100010100101010101101101101010010000000000000000000000000000000000000000000000000000000000000000000000000000000000000
000000000000000000000000000000000000000000000000000000000000000000000000000000000000010001001010000100000000001000000001000010010000000010001000100000100010010000101000101010000101000101000000000001000000001010010010000101001000010010100001001010010010000100100100010100100000000001001000000100010100100001001000001010000010101000001000010100001000010100101001000100010100100010001001000100010101010010101010010100100100101010010101010001010010100101010001001000100101010010010100100101001011010101010101010101101101000000000000000000000000000000000000000000000000000000000000000000000000000000000000
000000000000000000000000000000000000000000000000000000000000000000000000000000000000100000000000100000010101000000100000001000000000001000000000000010001000000010000010000000010000000000010010100100010100100001000000100000000010000100000100000000000000000000000001000000001001001000000000010000000000001000000010100001001000000010100001000010100100100001000000101000100101001001010010010101010101010110100101010010010101010101010100101010010100101001010101010101010100100100100001010101010100101010101101101110101010100000000000000000000000000000000000000000000000000000000000000000000000000000000000
000000000000000000000000000000000000000000000000000000000000000000000000000000000001001001010000001001000000000100001000000000000100100000100100100000000010100000100100101010001010100100000000001000000001001000010010001001001000100001000001001001001001001001000000010100000000000010010010000010001001000010010000001000010010101000001000010000001001001000101010000101001000100100010100100010010000101010010101010101001010101001010101001001010101010101001001010010001010101010101010010010010101010101010101010101010110100000000000000000000000000000000000000000000000000000000000000000000000000000000000
000000000000000000000000000000000000000000000000000000000000000000000000000000000010000000000001000000010100010000000010010010010000000001000000001010010000000100001000000001010000010000010100100001001000100001000000000000100000000100010100000000000000000000001010000000010010010000000000001000100000001000000100100001001000000000100001000010100000100010010000101000010010010010100010101101001101010010101010101001010100100101010101101010101010100101010010100101010010010001000100010100101010101010101011011010101101011000000000000000000000000000000000000000000000000000000000000000000000000000000000
000000000000000000000000000000000000000000000000000000000000000000000000000000000100010010100100010010000000000010000000000000000010001000010100100100000100101001000101001000100100000101000001000100000010001000010100101000001010010001000001001000100100100100010000100010000000000100100100100000001001000010100000001000000010101010001000101000010100010100100101000101001001000100010100010001010010010101010100010101010101010101010110110010010101010101001010010100101001001000101001010101010101010101010101001110010010101000000000000000000000000000000000000000000000000000000000000000000000000000000000
000000000000000000000000000000000000000000000000000000000000000000000000000000001000000100000000000001001000100000100100001000100000000010000000000000100010000000100100100010000001010000000100000000010000000010000010000100100000000000001000000010000000000001001000001000001000100000000000000010100000001000000010100010101000000000100010000001000001000010001000010010100100101000100010101010010100101010101010100101010101010101011001001101010101101001010101010101010100100101000100100101010100101010101101010011101011010110000000000000000000000000000000000000000000000000000000000000000000000000000000
000000000000000000000000000000000000000000000000000000000000000000000000000000010010000000001010001000000000001000000001000000001000100000100010000000001000101010001000001000101000000101000000100100000100100000100000100001000101010100100001000000010010001000000010000001000010001001001001001000001001000010010000001000000010010010001000100100010100010000100101001000101001000101001001000101010101010101101010101011010100101010101010101010010101001010100100100010010101001001101001001010101010101010100101010101001001010010000000000000000000000000000000000000000000000000000000000000000000000000000000
000000000000000000000000000000000000000000000000000000000000000000000000000000100000010001010000100000100001000000001000000001000000000000001000100100100000010000100000100010000010010000010010000001010000001010001010010100010000000000000100001001000000100000010000001000000000000000000000000001000100001001000010100000101001001000000010000001000001000101001000100101000010010100010100101001101010010011010100100100101011010101011010101010101010101010001010010100100010010100100010010101010101010101011011010101110010101101000000000000000000000000000000000000000000000000000000000000000000000000000000
000000000000000000000000000000000000000000000000000000000000000000000000000000101001000100010000000010001000000100000000100100000100010010000000000000001010101010001010001000100000100010001000101000000010000000010000000000000010001001000001000000001000000100000010000010010010010010010001000100000001000000010000001010000000000010100000101000010100100000010010010010011001000010100010001010101010100100101011001001010010110010100101010101010010101010100100100010101001000010010101010101001010101010101010101010101001010110100000000000000000000000000000000000000000000000000000000000000000000000000000
000000000000000000000000000000000000000000000000000000000000000000000000000001010000000001000010010000000000100000100010000000000001000000001001001010100000000100100000100000001010001000001000000010001000001001000100101001001000100000001000001001000001000001001000010000000000000000000000010000010100010010000100100000001010101000001010000001000010010101000101001100100010010100001001010010101010010101010100010101010101001101010110101010010100101010101001001001000100101001001000100101010101010101010101010101011010010101010000000000000000000000000000000000000000000000000000000000000000000000000000
000000000000000000000000000000000000000000000000000000000000000000000000000010000100100000010100000000100000000000000000000001001000001001000010000000001010101001001010001010000000000010100010000000100001000000000001000000010000001001000010000000010000010000000001000100100100100100100100000010000000000000100000001001000000000010000000100100010010000001010000100010101001010010101010001001010101000010101011101010101001010010101011010110101010100101010100100100101001001010010101010101010010101010101010101101010100101011011000000000000000000000000000000000000000000000000000000000000000000000000000
000000000000000000000000000000000000000000000000000000000000000000000000000100100000001001000000100010000010001001000100100100000000000000001000100100100000001010010000100000001010101000000000010100000000100101010100010010100010100000010000101001000010000100010000000000000000000000000001001000010010101010001001000100010101001000010010000001001000010100000101001001001010001001001000101010010101010100100100010101010101010101001001010100100100101010010010010010100010010000100001001010010101010101010101010010101011010101010100000000000000000000000000000000000000000000000000000000000000000000000000
000000000000000000000000000000000000000000000000000000000000000000000000001000001001000010010010000000010000000000010000000000010010010010000000000000001010101100100100001001000000000100101001000001001000000000000010000100001000001000000100000010001000000001000100100010010010010001000000000010000100000000000010010001000000010010000000100100000101000010101000100100010001010010010010000100101010010010010101101010101010101010101010101001010010101001010101001000010100100101001010101010101001010101010101010110010101001011010110000000000000000000000000000000000000000000000000000000000000000000000000
000000000000000000000000000000000000000000000000000000000000000000000000010010100000001001001000010010000000010000000000000010000000000000010010010101010000101010010000100100010101010001000000001000000001001001001000010000100001000001010000010000100000101000000000001000000000000100001010010000010000010000101000000000010001000000010010010000010000001000000010010001001010000100101001010001010000100101001010101010101010101010010010010101001101001010100100100101001001010100010101010101001010101010101010101001100110101010101001000000000000000000000000000000000000000000000000000000000000000000000000
000000000000000000000000000000000000000000000000000000000000000000000000010000000100100000100000000000001001000100100010010000000100100100000000000000000101010001000101000001000000001010010100100010101001000010010010000100001000010000000010000100000100000010010010000001001001000000000000000101000100000100000001001000000100010010000000000101001010100101010100100100100001010010000100010100001010101001010101010101010101010101010101010010100101010100010010010010010101001001000010101010101001010101010101010101010011011011010110100000000000000000000000000000000000000000000000000000000000000000000000
000000000000000000000000000000000000000000000000000000000000000000000000100010010010001010010010001000100000000000000000000000010000000000101010101010010010001010001000010100010010100001000000000000000000000100000100010000100010000010001000100000000010010000000000100100000100000100101000100000000001010001000100000001010000001000010010010000000010010000000001001001001010001001010001001001010010010010001010100100101010100010100101001010010100101001010100100100100010010100101001010101001010101010101010101010101101010110110101010000000000000000000000000000000000000000000000000000000000000000000000
000000000000000000000000000000000000000000000000000000000000000000000001010000000100100000100000000000000000100010001000100100000001001000000000000001001001000010100010000001000100010010010101001000100101010001010010000100001000100000100000001001010000000100100100000001000001001000000010001000100100000000010000100100000101000010000000000101010001000101010100010010010001010010010100100101001001001001100101011010101101010101010101010101010101001010100101001001010101101010010100101001010101010101010101010101010010101011010101010000000000000000000000000000000000000000000000000000000000000000000000
000000000000000000000000000000000000000000000000000000000000000000000010000101010000010000000000010001000010000000000000000001000100000001001000100100110000101000001001001010001001001000000000000010000000000100001000010000100000000100000010100000000010010000000000100100010100000010010000000010000000010010000000010000010000001000010010010000000110001000000001001001000100000100100000010000100100101010011101101010101010010010001010010100100101010100101010010010001000010100100010101010010001010101010101010101010101010010101011011000000000000000000000000000000000000000000000000000000000000000000000
000000000000000000000000000000000000000000000000000000000000000000000100100000000101000010100100000000010000010001000100001000000000100000000010001001001010000010010000010000100010000010010001001000101001000001000010000100001010010000100000001010001000000101001000000001000001000000000100100000101001000000101010000100000100100010000000000010010001000010101010010010010010100001001010101010101001000101011010010110101010101010101001100101010010100010010010100100100101001010011001001001001010101010101010101010101010101101010101010100000000000000000000000000000000000000000000000000000000000000000000
000000000000000000000000000000000000000000000000000000000000000000001001001010010100000000000000100010000001000000000000100000001000000100101001000100101010101001000101000001001000101000000100000000000100000100001000010000100000000000001001000000100000010000000010010100001000000100100000000010000000001010000000100001010010000000100100101000100100010100000001000100001000010100100000010010010010101001010101010101010101000100101010010101010101001010101010101010010010010001000101010101010101010000100101010101010101010100111010101010000000000000000000000000000000000000000000000000000000000000000000
000000000000000000000000000000000000000000000000000000000000000000010010010000000000100001000000001000100100001000100100000100100010000000000000010001001111000000010000010100010010000101000001010100100001010000100010000100001001001010000010010100001010000100100000000001000010010000001001010000100100100000100100001000000000101000001000000000010100000001010100100010100010100010001010001001001100010010010101010101101010101001010101101010010010101001000001010001001000100101010100100100100010101101010101010101010101010101001010101101000000000000000000000000000000000000000000000000000000000000000000
000000000000000000000000000000000000000000000000000000000000000000010100000000101010000100001001000000000000000000000000000000000000100100100101010100011101101010100010100000001000010000001000000000000000000010000000010000100000000000010000000000000000010000000100100100010000000001000100000010000000000010000000100001001010000010100000100101001010100100100010010100001001000100100001010010101011001010110100100101100101010010001010010101010100101010001101001010100010001010001011001010001010010011011010101010101011001010101101010010100000000000000000000000000000000000000000000000000000000000000000
000000000000000000000000000000000000000000000000000000000000000000100001010101000000000000000010000100100001000100000010010001001000000001000000000011101011000000001000001010100010000100100010001001001001000000101001000100000100100000000100100101010010000101010000000000000100100100000001010000010101001000101001001000010000010000001000000000000100010000010001000010100100110001001000100100100100101010101010010101010101010100100101010010100101010001010010010100010101010001010100100101010101001011001001011011010101010101010101010110100000000000000000000000000000000000000000000000000000000000000000
000000000000000000000000000000000000000000000000000000000000000001001010000000010000100100100100010000001000010001001000000000000000100100010010101100011111101001010001010000001000010000000000100000100000001010000000000010010000001001010000000000000100010000000010010101010000000000100100001001000000000000000100000001000001000100100001010010010000000010100100010100000101000100000101001001001011000110101010101001001010101010101001010101010100101010001001001001001000100100100010101000100010010100111010100100101010101010101011010101010000000000000000000000000000000000000000000000000000000000000000
000000000000000000000000000000000000000000000000000000000000000010100000100100100000000000001001000010000000000000000000001001000100000001000100010101011000010010001010000101000101000101001000001000001001000000000100010000100010000000000010010010010100000100100000000000000010010000000001000000010001010101000001010100010000000000001000000000000101010000010010100010101010101001010000100010010000101001001010101010101010101010100110101010100010010100100100100100100101101010101010100101001001010101010101010101010101010100100101001010101000000000000000000000000000000000000000000000000000000000000000
000000000000000000000000000000000000000000000000000000000000000010001010000010000010001000100010000000000001000000000000100000010000100100010001101001010101000000100000010000010000010000000000100010100000010000010001000000000000010010001000001000000000010010001001001001001000000010100100100101000100000000010100000001000101010010100010100101010000000101000100010101001001010100000101001001001010010101010101010101010100100100101001010100101010101010000001001001010010000101010101010010010100101010100101010101011010101011010101010010110100000000000000000000000000000000000000000000000000000000000000
000000000000000000000000000000000000000000000000000000000000001001010000100000000000100000000000100100010000001001001000000010000000000000001010000010000010010101000100000100000100000100100100000000000100000100000000001010010010000000000010000010100101000000100000000010000010010000001001000000000001001000000001001000000000000000001000000000000100100000101001000000101010101010100000010010010010101010101010010101010101010101010101001010101001010001010100010010001100101001010100101001001001000101010010101010101010110010100010101010101010000000000000000000000000000000000000000000000000000000000000
000000000000000000000000000000000000000000000000000000000000001010000100000100100100000000101010000000000100000000000010000000000101001010100100001000001000000000010001010001010001010000000001001010010000100001001001000001000000100010010000101000000000000100000100101000010000000001000100100100100100000010100100100000100100100100100000001010010000000101000100010110010100010100001010100001000101000100010010100101010100010100100101010101001010101010101001001000100010100100110010100100110010101010001001010101010110101101010100010101011010000000000000000000000000000000000000000000000000000000000000
000000000000000000000000000000000000000000000000000000000000010001010000100000000000001001000000000010000000100000100000100100010000010000001001000010100010101010000100000100000100000100100000000000000000001000000000010000010000001000000100000100101001000001000000000010000100100100000001000000000001000000000000001010000000001000001010100000000101010000100010000001000010100010100000010100101000101011001010101010101001001001001010101001010101000100100100100100010001001010101001010101001000010010101010010010010101011010101010101010101011000000000000000000000000000000000000000000000000000000000000
000000000000000000000000000000000000000000000000000000000000101010000010000100010000100000010010001000010000000010000000000000000010000100100000001000001000000000101000010000010000010000001001001001001001000000010010000010000101000000010000000010000000010100000101001000100000000000010100001010010100010100101010100000010100100010100000000010010000000010001000101010010101001010001010100001000101010100101010100100100100100000100101010101010100101001010010001001001010010101001010101010010010100100100101100101101010010111010000101010010100100000000000000000000000000000000000000000000000000000000000
000000000000000000000000000000000000000000000000000000000001000100100000100000000010000000000000000000000010000000001000010001000000100000010101000010000010010100000101000101000100000100000000000000000000010100000000010000100000010010000010101000100100000001010000000000001001001001000001000000000000000001000000000100000001000000000100100100000100110100100101000100100010010101010000010100010000001011011000101001010000010100000010100100101010101010000100100010100001000010101100010001011010010010010000101000101101010110010101001010111011010000000000000000000000000000000000000000000000000000000000
000000000000000000000000000000000000000000000000000000000000101001000100000100100000000010100100010001000000001001000001000100000100000001000000001000101001000001010000000000000000100000100100100010010010000001001001000010000010000000001000000010010000100100000000100101000000000000010010001001010010010100000010010000100100010010010000010001010010000010010000010010010100101000100010100010101010101100110101010010001010100000101010010101001001010100101000010100010100101101010010101010100100100101010101010101010101010101101010010101000101010000000000000000000000000000000000000000000000000000000000
000000000000000000000000000000000000000000000000000000000011001010001000000000000100010000000000000000001000100000001000000000100001001000001001000010000000010010000101010001010010000010000000001000000000000000000000001000010000100100100000000000000100000001001010000000010001001000000000100000000000100001010000100100000000000001010010000100001000100100001010001000100101010010001000001000000001010010101010010100100000010101000000101010100101001010100101000001000010010010001010100100101010101001001010010101001010101010010010100101011010101000000000000000000000000000000000000000000000000000000000
000000000000000000000000000000000000000000000000000000000110010000100000101001000000000000000001000100000000000000000000010000000000000000100000001000001001001000010000000100000000001000000001000000010010010100100100100001000010000000000001010101010000100100000000001001000100000001001010001001001010001000001010000000101001010100000100010010100101010000100001010001001000001001010001010001010100100101001010100000100101000000001001000100101010010010101001001010001001001001010101010101001001010010010100100100101010010101101010010010101010101000000000000000000000000000000000000000000000000000000000
000000000000000000000000000000000000000000000000000000000101001010000010000000001001001010010000000000100010001001000100000100010100100100001010100010100000000010000100010000100100100001010000010010000000000000000000000000010000010010010000000000000100000000100100100000000000100000010000100000000000000010000000101001000000000001000001000100100001001010010100001010010101010010000100000100000010010101010101001010000000010010000010010010100101010101001010100001010010010010000001001001000101001010100010101010010101010110101010101010100101010100000000000000000000000000000000000000000000000000000000
000000000000000000000000000000000000000000000000000000001100010000010000000000000000000000000000010000000000000000000000100001000000000000100000000000000100101000010001000010000000001000000010000001000100010001010010010010000101000000000010010010010000010010000000000010010010000101000010000101010100101000101010000100001001000100010100010010000100101001000010101001000001000100010001010010101001001000101010110000010101000000001000000010010100101010010100001010001000100100101010010100101001010101010101001000101010101001101010100100101010101010000000000000000000000000000000000000000000000000000000
000000000000000000000000000000000000000000000000000000010010100100000000100100100000100001001001000010001000100010010000000000000010010010000100010010000000000010000100010000010010000000001000010000010001000000000000000000100000001001001000000000000100000000101001010000000000100000001000010000000001000010000000100001000010010000000001001000101000000100101000010010101010010010100100000100000101000110101010001001000000010100100010100100100101000101001001000000100100010010010001001010101010010100101001010101010101010110110101010010010101010101000000000000000000000000000000000000000000000000000000
000000000000000000000000000000000000000000000000000000010101001000100010000000000010001000000000000000000000000000000010010010001000000000010001001000010010101001010001000001000100010010100001000001000000000101001001001010001010100000000000010101010001001010000010000100100100001000100001000000100100001000010010000100001000000001010100010101000001010001000010100100100100100100010000101001010010010010101001100100000001000000001000000000001000101010010100010101001001001001000100100100100100101001001010010001010100101011001010010101010101010101000000000000000000000000000000000000000000000000000000
000000000000000000000000000000000000000000000000000001100010010010001000001000010000000000000000010000100010001000000000000000000001000100000000000010000000000000000100010100000000000100000000010000001001000000000000000001010000001001000101000000000000010000010000010000000001000010001000010010000001010010100100100001000010010100000001001000101010001010010100101001010010010010100101000010010100100100100110010001010010010010000010010101000110100001010010001000010010010010010010010010101001000101010010101010001010101010110101001001001010101010100000000000000000000000000000000000000000000000000000
000000000000000000000000000000000000000000000000000001001001001000000001000001000000100010010010000100000000000000100100100001001000010001001010010000010010010100101000000000001001010000001010000100100000001010100100100100101010100000010000001000100101000001000001000001001000000000010001000000001010101010010010000100010001000000010100101001000000100100101001000010010101001001000100010100100010010001011000000100001000001000101001000000010000011010100100100001001001001000100100100100101010010100101010001001010010101010100100110101010010101101010000000000000000000000000000000000000000000000000000
000000000000000000000000000000000000000000000000000001010100100000100000000000000100000000000000000000001000100000000000001000000010000000000000000100000000000001000010100101000000000101010000100000001010010000000000000001000000000100000000100010000000010100010100010100000010010101000100010101000100000100100100100000000100010101000001000100010101001001001010101001010010101010010010100010010101010100100011000001000010100010000000010101001010100100010010010100010010010010010010010010001010100010010010100100101001010101010101000010100101010101010000000000000000000000000000000000000000000000000000
000000000000000000000000000000000000000000000000000101000010010010001010000100010000001000000000001000100000000010001000000000010000000100101001010000100100100100001000000000000100100000010000000100100000000010001001001010010101010000100010001000001001000001000000100000010000000000010000000000001010101001000010000101010001000000101010001001001000010010010000100100100100010000100100001000100001001001001000100100100100001000100101000000000000010010100101000001000001000101001001010101010100010100100101001010100101010101010101010100101001010101011000000000000000000000000000000000000000000000000000
000000000000000000000000000000000000000000000000000100110001000000000000100000000100100001001001000000000010001000000010000100000100100000000000000100000001000001000101010010010000001001100010000000001001001000100000010001010000000100001000000010000010010000010010001010000010010010000101001001000010010100101000100001000100101010010001010010000010001010101010010010101001010101010010100101001010101010100010001000001001000010001000010010101010001001010010101000101000101000100010001000101001001010101001010010010100101010101010101001010010101101010100000000000000000000000000000000000000000000000000
000000000000000000000000000000000000000000000000001010001010001010010100000000100000000000000000000010000000000000010000010001000000000000100010000000100100001000010000001000000000100000000000001010100000000010000101000010001010010010000000101000101000000001001000100000001000000001010000000000001000100001000010000100010010001001011010001001010100100100000010101010001010100101000100010000010001011001010101000000100000101000100001001000000000100100000100010010000101000010010100101010100101010000100010010100101010100101010101001010100100010010101010000000000000000000000000000000000000000000000000
000000000000000000000000000000000000000000000000001001000100100000100000010100000000000100000000010000010001000010000000000000010001001000001000100100000000000010000101000010010100001001001001000010001010100000101000100000100000000000100100000010000101010100000000001001000001001000000100101010010010010100101001010001010000100100000100100010001010010001010100000100100100010010010010100101000110010000001000010100001000000010001000000010101010010010101001001000100010010100100010100101001000001010101001010101010010101010101010100100101001001101010101000000000000000000000000000000000000000000000000
000000000000000000000000000000000000000000000000010100101000010000010000000001000010010000100010000000000000010001000100100010000000000001000000000000001001001000010000001000000001000000100000001000000000001010000010001010010101010010000000010100010000000000010010100100000100000001010000000001001000100001000100000100001010010010101001010100010000100100100010101001001010100101010100001000010100101010100101000000100010101000100001001000000001000100000101010101001001010010001010010101010010100100101010010101010100100100101010101011001010010101101101000000000000000000000000000000000000000000000000
000000000000000000000000000000000000000000000000100010000100000101000010000000001000000000000000000010001000000000000000000000001000100000001001001001000000000010001010100010010000010010001001000010100100100000100001010010000100000000100100000001000100100100000000000001010001010100000010010000000010001000010001000001000100100100010010000010100101001001001000100100100100101000001001000101001010000000101000010010000000000010001000010010101000010010101000100100100010001001010001001001001001001001001010101010101010101010101001010010100100100101010101100000000000000000000000000000000000000000000000
000000000000000000000000000000000000000000000000010100101000100000000000000100000000000000001000010000000001000100010001000100100000000010000000000000010010010000000100000100000010000000000100010000000000001010000100000000101000101010000001010100010001000000101010010100000000000001001000000100101000100101000100001010010010010010100010101010001000010000010010010010101010010010100100101000100101010010010001000000100100101000000101000000000010100010000101001010100100100101000100100100100100100100010100100101010101001010101010101010101011001010101010100000000000000000000000000000000000000000000000
000000000000000000000000000000000000000000000001001001000010001000010001000000100001001001000000000000100000000001000000010000000100010000100010001000000000000101001001010001001000010001000000000100100100100000010010101000000010000000101000000001000100010010000000100010010100100100000010010000000000000000010001000000100100100100011001010001010010100101001001001001001001001010010001000010001000000100000100010100000000000010100000101010010000010001010010010010100010010000010010010001010101001001001010010101010101010101010101010101010100100101010101010000000000000000000000000000000000000000000000
000000000000000000000000000000000000000000000010101010010100000010000000001000000000000000000001000100000100010000000100000000000001000000000000100000100100010000100000000000100001000100010010100000000000000101001000100010101000101010000000010100010010001000100100001000000000010000101000000100100101010101000100001010001001010010100010001010001010010000100100101010010010100101001010001000100101010000010000000001001001001000001010000001000101000100101001010010001000100101001000001010001010100000010000010010101010100101010101010010101010101001010101011000000000000000000000000000000000000000000000
000000000000000000000000000000000000000000000010010001000001001000010010000001001000010000100000000000000000000000000001000101010000001010001000000100000001000000001010010100001000000000000000001001010100010000001010001000001000000001010101000001000000100001000000100010100100000100000010100000000000000000010001000001000100010101010101010101000100100100010001001001010100010010010000100101000000001101000101000000000000000010000000100100010000010001000100001001010010001000100101010001010001001010001010101001010101010101010101010101010010100101010101010000000000000000000000000000000000000000000000
000000000000000000000000000000000000000000000100101010010100000000000000000000000001000010000100001000010000100010010000000000000100000000000001000001000100000010100001000001000100101001000100100000000001000010010000100010100010101010000000010000010010000100010010010100000010010001001000000010101001001001000100100100010010101000001000100100010010010001000100010010101010100100100101001000001010100000010000001010010101001000001010010000000001000100010001010001001000100010010000001010001010010000100000000010101010101010110101010100101010101010101010101100000000000000000000000000000000000000000000
000000000000000000000000000000000000000000000101000100100001000010001000100100000100000000000001000001000000000000000100100000000001000010010000010000000000101000001000010000000000000010000000001000010000001000100100001000001000000000101001000100000000100001000000000001010000100100000010010000000000010000010000000001001001000101010010010101001001000100100010000100010001010101001000010101000000010010000101000000000000000010100000000101010100010001000100000100010010000000000101010001000000100101001010101010101001010010101010101010010101010010101001010100000000000000000000000000000000000000000000
000000000000000000000000000000000000000000001000101001001000001000000000000000010000001000010000000000000001000100100000000010010000001000000010000100010010000000100101000100010100101000001001000001000000100010010000100010100010010100000100010001010010000100001001010100000010000000101000000100100101000101000010010100100010010100100101001010010010010010001001010010100110101000100010100000010101000100010000010100100001001000000001010000000001000100010010010001000000010101010001000100101010001000010000100101010010101010101010101001101010101010010100101010000000000000000000000000000000000000000000
000000000000000000000000000000000000000000001010001010000010000001000100010000000000100000000000010000010000000000000010010000000100000010001000000001000000101001000000010001000000000010100000001000010100000000000100001000001000000001000001000000000000100010000000010001001000101000000010000000001000010000010000100000001001001001001000101001010100100100100010000100010001010101001000010101000000010001000101000001001000000001001000000101001000010001000000100100101001000000001000101001000100100010001010001010101010010101010101010100010010101001010100010111000000000000000000000000000000000000000000
000000000000000000000000000000000000000000010001010000010000101000000000000001000100000000100001000010000100001000001000000001000000010000100001001000000010000100000101001000010001001000000001000001000001001001010000100100100010010100100100000100100010001000100101000100000010010001001000101010100001000001000010000010010010010010010010010010100010010001001000010001001010100010000101001000001010100000010000000100000000100100100010010000100001000100001010000010000100010010100010100010010010001000100000010101010100101010101010101010101011010101001010010101000000000000000000000000000000000000000000
000000000000000000000000000000000000000000101010001010100100000001000010000100000000001000000100000000000000100001000000001000001001000000000000000001001000100001010000100010000100000010010100000000010000010010000101000010001000000000001001010001001000001010001000010001010000100100010000000000001000010100010001010000000101001001001001001001001001001010010010100100010001010100100010100101000000001010000101010000100100000000001000100100001010010001000001010000100001000010001000010101001000100100010101000101010101001010101010101010001010101010010100100101100000000000000000000000000000000000000000
000000000000000000000000000000000000000000010001010000000000101000010000100000010000100001000000001000010000000000000000100000000000000010010010001000000010000100000010001000010000010000000000001010000101000000010000010100000010100100100100100000000010010101100000100100000010010001000010100100100001000001000100000010101000100100101010101010010100101001000100010000100010001001010101101000101010100000010000000010000001001010100010000000100000000000100100001010010100001000100101010000110010010010100000101001010010101010101010101010101001010101001010010101010000000000000000000000000000000000000000
000000000000000000000000000000000000000001010100001010010010000010000000000000000010000000001000000001000010001000100100000100100100100000000000100010010000100001001000100010000101000010010101000000000000010101000100000001010000001000000001001010010000001010001001000001001000000100010000000001001000100100010001001000000010001010010000010010100010000100101001000100001001010010100100010010000000001010001010010000100000000000000000101001001001001010000001000000100001000010000000001010010010001000001010001010101010100101010101010100100101010101010101001010100000000000000000000000000000000000000000
000000000000000000000000000000000000000001001001010001000001010000000010000100100000000100000000100000000000000000000000000000000000001001000100000000000010000100000101001001010000000000000000001001010101000000000000010010001000100001010100010000000000100100100000010010000001010001000010010100000010000001000000000000001001010001000101101001011010101001000100010001010000100101001010100100101010100000100000000100001010010101001010000000000000000000010100010010100100001000001010101001010100010001010000100101010101010101010101010101010100101010101010100101011000000000000000000000000000000000000000
000000000000000000000000000000000000000010010100100100000100000000100000100000001000010000100000000100001000000100010001000010001000000000000000010001001000100001010000000100001000101000100101000000000000010101010010000000100010001000000001001010101010000010001010000100100100001000010000000001010000101000010100100101000000001010011000010100000100101010010001000100000100010000101010100001000000001000001010100001000000100000010000100100100101010010000001000100001001000010100000010100100010100100001010010101110010101010010101010100010010110110100101010101010100000000000000000000000000000000000000
000000000000000000000000000000000000000010010011001000010010010010000100000010000001000000000001000000000000100000000000001000100000100010001001000100000010000100000010101000100010000010000000100100100001000000000001001010000000100101010100100000000000001000000001010000010000010001000100100100000010000001000010000000001001010000100010100010101010001001000010010000010000101010110101001010101010100010100000000100000010000001000010000010010000001000100100010000100000001001000101001010010100010010100001000100010101011010101010101011010101001010101011010101010100000000000000000000000000000000000000
000000000000000000000000000000000000000101001010010010000000000000000000001000000000000100001000001001000010000010001000000000000100001000100000000000100000100001001000000100001000000000001000001000010100010101001000000000101000010000000000001010010010100010100010000100000101000100000001000001010000100100010000100100100000001010010101010100100101001000101000100100100100000011001101010100010000001000001010010001010000101000001000100000000100000000000001000100010101000000110000100100100001000100001000101011010101010010010010100101001010110101010010100010101010000000000000000000000000000000000000
000000000000000000000000000000000000000100100101001000100101001000010001000000100100000001000000000000010000000000000000100010000010000000000000100100000010000100100001010010100000101000100001000001000001000000100100101001000001001001010101010000001000000000000100010001010000010000010100010100000010001000000100000000000010100001010100100001001000100101000001010000000000101001010010100101001010100000100001000000000010000100100000000100100000101010010100001001000000001010000001001001001010010000100101000000101010101101010101010010101010010101010100101010101010000000000000000000000000000000000000
000000000000000000000000000000000000001001010000010010000000000010000000000000000001000000000010000000000000100100100000000000100000100010001000000001001000100000001010000100010010000000000000010010000000010101001000000010010100100010000000000101000010010010010010000000000010001010000000000001001000100010000001001010010000010100101010010100100101001000101000000101010100000010010100010010100000001000001000010100100100010000001010010001001001000000100001000010010010100001001010010101010001001010001000101011001010010001001001010101010101010101010101010101010101000000000000000000000000000000000000
000000000000000000000000000000000000010100100101001000010100010000010010001001000000000100010000001001000100000000000010001000000100001000000001001000000000010010100000010010100000010010010010000000010101000000010010101000000010010100010101010000101000001000000100100101001000100000010010100100100010001000010100000001000101001001001001001010010010010001010101010000100010101101010010100100001010100010010001000010000001000100100000000100000000010010000100101000000000000100000100100010110010010000100001001000101010100110100110100101010101010101010100101010101101000000000000000000000000000000000000
000000000000000000000000000000000000000010010001010010000000000100000000000000010000100000000001000000000000001000001000000010000001000001001000000001001001000000001001000010001000000000000000100100000000010101000100010010101001000010100000001000000010000010010000000000010010010010000100001000001000100010000000100100000000000010010010100010001000101010001000001010001000010010101001001001010000001000000100010000101000000001000100100001010010000000100001000010101010010001010010010100001001000100010100010010010010110100101001010100101010100101010101010010101011000000000000000000000000000000000000
000000000000000000000000000000000000101001010010001000100100100000100000100010000100000010001000000000010000100000100000100000001000000100000000100000000000000100100100000110100010100101000100010001010100100000100001001000000100010100001010100010101000101001000101010101000000001000010000100010100010001000010010000000101010101000001001001001101010100101010001001000100001001010000010100010000010100010010001001010000010010100000010000100001000001010000100100100000000000100001000100101110010010010100101001001010101001001010010010101010100101010101010101010101010100000000000000000000000000000000000
000000000000000000000000000000000000100100001001100000001001001010001000000000000000000000000000100100000010000010000000001000100000100000100100001001001010100001000001011000000000000000010000000000000010001001001001000010101001000010100100010000000010000000010000000000101010100010000101001000001000100010000000101000000000000010001000100100010001010100101010000101010100100010101000010010101000000000000100000010010000000000101000100000000010100000100000001001001001000001000101001010010101001000001001010100010010110110001010101010101010100101010100101010101010110000000000000000000000000000000000
000000000000000000000000000000000001001001010010010010100000000000000000001000010001001000100100000000000000010000000010000000000010000010000000000000000000000100000100000010101010001001000010100101001000100100100100010100000010001000010001000100101000001010101001001010000000001000101000000000100010000000101010000010010010010000100010010001010101001001000100010100001011011010010010100100000101001001010000101000000100100010000000010010101000000010000101010000000000100100001000010100101001010010100010101001001001001101010101010101001010101101010101010101010101010000000000000000000000000000000000
000000000000000000000000000000000001010010010100100000010100100010000100000001000000000000000000000010010000000001001000010010000000100000010001001001000100101001010001010100000000100000010000000000000101001001001010100010101001010010100100010001000010100000000010000000101010100010000010101010001000101010000001000000100000000100001000000100100100100101010010100010100110100010101000010010100000010000000100000010100000001000100100000100000010010000100000000101010010000001001010101011001010010100010001001010101010110010101010101010110101010010101010010101001010110000000000000000000000000000000000
000000000000000000000000000000000010100100100101000010100000001000010000010000000010000010000001001000000001000100000000000000100100001001000000000000010010000000000010000001001000000010000010101001010010010010101001001010010010001010001000100000001000000100101000011010000100001000100100000000100010000000010100001010001001010000100001010001001001010101001001001010101001001010100101010100010101000100100001001000000010100000000001010001001000000010010101010000001000010100000100100100101010100001000010100010000000010110101101010101010101010101010101101010110101011000000000000000000000000000000000
000000000000000000000000000000000010010010001001010000001001000000000001000100001000100000010000000000100100000000100010000000000000100000001001001001000000101010010100101000000010010000010001001010000100101001010101010010100100100001010010001001000010010001000010000000100001000010000001001010000000100100000010100000100000000010001000001010100100100100100101011101001010110010010010010101000000000000001000000010010000001001010000000100010010100100000000000100100010000001010010111010101010010100101000010101010101010101010110101010101010101011010101001011001010101100000000000000000000000000000000
000000000000000000000000000000000100100101010010001010100000001000100000000001000000001000000100000100000000001000000000010010000100001001000000000000000010000001000000000001001000000000001010010000001000000101011010100100101001001010001000100001001000000010001000101010010100101000010100010000001010010000101000001010000100100100000001010000010101001001101010110000101001000101010100100110001000100100100000101000000100100000000101010000000000000000010101010010001000001000001001000010010101010010100101001010001000101010101011010101010101010100101010101100110101010100000000000000000000000000000000
000000000000000000000000000000000100101000010100100010001010100010001000000000000000000010000000100000000010000010010000000000100000000000010010010010010000100000010101010100000010010010100001001010100010101010101000010010100010010001010010010100000010100100100010000000100010000010000001000101000000000100000010010000100000001001010010001101010010101010010011010110100101011010101001001001010010000000001000000010010000001001000000000101001001010101000000000000000101000010000010011010101010001000101010100100100010010101010110101010110100101011010101010101001010101100000000000000000000000000000000
000000000000000000000000000000000100100001001001001000010000001000000001001000100100100000010000000001001000010000000001001000001001001001000000001000000010001010100000000000101000000000000100100000001000000000001010100100100100100010001001000000101000000001001000010010010100001000010100010000010101010010101000100010000010100000000000000001010101010101010100101001010100100101101010010001000000000100100001001000000100100000010010010000100000000000100101010101010000010000010100100100101010110010010101010110101001001010101010101011001010101010101010110110101010101010000000000000000000000000000000
000000000000000000000000000000001010011010010100100101000101000000000000000000000000000000000010010000000000000000001000000000000000000000001001000010010100100000001010010101000001001000010000001010000010101011010100101001001001010101010010010100000100101010000010000100000001010010100010000100000000000100000101001000010000000100100101010010100101010101010111010110101010010011010100100100010100100001000100000010010000001000000100000100001010010010000000000000000100000100000001001010010101001001001001101010010100100110101010101010110101010101010101010101101010101101000000000000000000000000000000
000000000000000000000000000000010001000100100010010010010000010000100100000001000000001001000000000000000001000100100000000100100010001000000000010000000000001000100000000000010100000001000010100000001000000101001001000101001010001000100100100001010010000000101001010001010100001000001001010001010010101001010000000001000010010000010000000100001001010101010101010101010001010100010010001001000000000100000001001000000000100001010001010010100000001000001001010010010000100001010010010101010110010010100101010001101010101010101101010101001010101010101010101010101010010011000000000000000000000000000000
000000000000000000000000000000010100101001001001001000100100000100000000100100010010000000010001000100100000000000000010010000001000000010010010000100100101000010001010100101000001010010010000001010000010100000100100100010100010100010101010010100001001010101000000001000100010010010100000000100000100000100100101000100010000000100000101010010100100010010101010101010101101001010101001000010010010100000100100000010100100001000000000000000001001000010100010000000100100001000000001001010101001010100010010110110010100101010110101101010110101010101010101010110010101010110100000000000000000000000000000
000000000000000000000000000000100010010010001010010010010000100000000000000000000000010000000000000000000100010010000000000010000000010000000000100000000000001000100000010000010100000001001010100000010100010101010010010100000100101001001010001001010100001000001010100010001000100010010101010010010001010010010000010000001001010001010000000001001001001011001010101010010010010010100100101001000000000010000000001000010000100000100101010100100000001000001000001010000000100001000100010010101010101001100101001010100101010101010101010101001010010101011010101101101010101010100000000000000000000000000000
000000000000000000000000000000101001010101010100100100100100001001001000010000000000000100001000100001000000000000010001000000100010000000100100001001001001010001001001000101001001010100000000000101001001001000010100001010101000001010010100100100010010100101000001001001010010010100100000001000100010001000100100000010000010000010000100101010110101010110110101010101010101010100010101001000010001001000010010000000000100001010000000000001001010100010000010100000100100000100010000001001110100101010010000101010101010100010110101010101010101001010100101010110100101010101100000000000000000000000000000
000000000000000000000000000001000101000110010010010010010010100000000001000001001001000000100000000100000001000000000100000000000000000010000001000000000100000100000100001000100100000000100100010000100100100101010010100100100010100100101001001001001000010000010100100101001001000010001010100010001000100101000001001000101000001000010000001010010100110100100101011010101000100010100100000010000100000001000000010010010000100000010100100100000000001000101000010010000010010000000010100100000010101001010101010101011010101101011010101010111010101011011010101101011010010101010000000000000000000000000000
000000000000000000000000000001010010101010101001001001000100001001000000000100000000000000000100100000010000010010000000101000010000100000000000010010010001010010100001000100000000100000000001000101001010010010010100010010010000101010100100100100100101000101000010001000100100010100100000010000100010010000010000000010000010100010000101010101001011001010101010101101000101010101001001010000100001010000010010000000000100000100000001001000100100100010000010000000101000000010100000000010101001010100101010101010101010101010101010101010100101000101010101010101010010100101010000000000000000000000000000
000000000000000000000000000010001001001101000100100100010001000100000100100000000010001001000000000000000100000000010000000010000100000001001001000000000100000100010010010010101010000101001000000000000100101000101001001001001010010001001011010010001001010100101001010010010010100010000101000010001001001001000010101000001000001001001010001001010100001001010101010010101010100010010010001010000000000010000000000010010000010000100100000010000010001000001000101010000001001000010010010100000110010010101001010101010101011010101101010101101101011010101010101011010101010101011000000000000000000000000000
000000000000000000000000000010100100101010010010010010000100010000010000000010010000100000010001001001000000000100000100000000000000100100000000010010000001010010100100100001000001000000000010010101010010100100001010100100100010010101010100010101000100100010010010001001001000010001010000010100100000010010010000000010100010100000001000110100100011010101001010101101010001010101001001010000010010001000100100100000000101000010001001001000101000100010100010000000010000000000000000000001101001001010101010101010101010100101010101010101010100100101010101011010101010101010101000000000000000000000000000
000000000000000000000000000101010010101001010100100100010000000001000000001000000000000000000000000000000010010001000000001000001000000000010001000000010100100100001000001010010100010010010000000000000001001001010010001001001001010000101001001000101001010100100100100101010001001010000010100010001010100001000010010100001000000010110010101010010100010010101010010101001010001000010010000001000000100000000000010010010000001000100000000000000010001000000100001001000001001001001010010100100101010101001010101010101010011010101010101010101010110101010101010101101100101001010100000000000000000000000000
000000000000000000000000000010001010101010001001001001001001000100000010000000010010010010001000010000100000000000010001000010000010000010000100101001000000010001000010100100100001000000000100101010101010010100010101010101010000100101001010100101010010001001001001001001001010010001010100001000100001001000010000100001000010101010100100010010100101010101010010101010101001010010100100101000010000000100100100000000000010000000001001010101000000100010010001000000010100000000000000000001001000101010101010100101010101010101101010101010101010101010101010101101010010101010101100000000000000000000000000
000000000000000000000000001001010101000010100100100000100000100000001000000001001001000000000001000100001000100100000000000000100000001000000000000100000101001010010100010001001010000001010000000000000100010010100100100010001010001000010010101001000101010000100100100100101001000100100010100101000100100010100010000101011000000100001010100100001010101010001010010101000101001010010010000001000010010000000001001001001000010010100000000000001010010000000000010101000000100100100100100100100011010001010101011011010101010101010101010101101010101010101010101010101101010101010010000000000000000000000000
000000000000000000000000001000010101010101010010010100010000001000000000100000000010010010010000000000000000000000010001000000001000100001010010000001000001010000100010001000010000101000000010100101010010100100101010101001010010100010101010101010101001010101001001010001001000101001010100010000010001001000001000010001010010101010101001001001100100010010100101010010101001000001000000101000010000000010010000000000000010000000001010010010010000000101010100000000001000000000000000001001001000101010101010100100101010101010101010101010101010101010100101011011010101010100101010000000000000000000000000
000000000000000000000000001010101010010100101001000001001001000000100000000100101000000000000010001000100001000001000000010010000000000100000000100100101010001010010100100101000010000010001000000000101000010010010100101010100100010100101010010100100101001010100010001010010010010010101001001010100100100001010001000010101010010101010010010010001010101010101001010101000010010100101010100101000001001000000100010001001000010101000000000000000101010000000001001000100010010100100100100000010101001010010101010101011011010101101010010101010101010101010101010110110010101001010011000000000000000000000000
000000000000000000000000000100100101010010010000101010100000010010001001000000010001000100000000000010000100001000001000000000000100000000100100000010000010101001000001001001010100010000000010010001000101010100100101010010010010100010010010101010101001010000101001000010101001001001001010010000010010010100000100101010010101010010001010100100110001001000010100101000101100101001000000000000010000000001000001000000000010000000010010101001000000000101001000010010000000000000000000000101001001010010101010101010101010101010101010101011101101010101010100101101010101010100101001000000000000000000000000
000000000000000000000000011001001010100101001010000010001001000000000000001000100000000000010100010000000000000000000001000000100000100100010000101000101001010010010100100010000000000000010000000100010010010010010100110100101010010101010100100101010010010101010010010100000100100100101001000100100101010010101010010010101001010101010000101001001010101011010001010010100010100010010100101001000001010000001000000100101001001001000000000100010101010000100001000000001001010010010010010000010010010101010101101010101010101101010101010101011010101010101010101011011010101011001010100000000000000000000000
000000000000000000000000000101010100101001010001010001000000001000000000000000000100100001000000000010010001000100000000001000000000000001000100000010000100010100101001001000100101001010000100100001000100100100100101001010100001001000010010101010001010100100001010100101010010010101010010010010010000101001001001001010001010001000101010010100101001001000100100010101001000010100101000000010001000000100000000100000000000000000010100010001000000000100001000010010000000000000000000000101001001010010101010101010110101010101011010101010101101010101010101011011101010010101001010100000000000000000000000
000000000000000000000000110100101001000010000101001010010101000010010010010001000000000100000001001000000100000000100100000001000010001000000000101001010010100001010010000101001000000000010000000100010010101001001010101010010101010101001010010101010100101001010100001000001001010000100100101001000101000010100100010100101010100101000101001001001010010101001010100100100101100010000010101000100010000000010010000100100010010101000001000000001010010001010001000000101010010100100100100000100010101010010101010101010101010101010101010101011010101010101010100101010101010100100100100000000000000000000000
000000000000000000000000001001010100101001010000010001010000000000000000000000010000000001000000000001000000100010000000100000010000100001001001000100100100010100001000100010010001010001000101010001001010010010010010101010100100100001010010001010100101001010100010101010100100101010010010010100010000101000010010100010010001001000101000101010100100101010100000010010010000010100100100000100000000100100100000000000001000000000000000010101010000100100000100010010000000100000000000001000001001010010101010101010101010101010101010101010101010101010101101101011111011010010101010110000000000000000000000
000000000000000000000001100101001010010010001010100101001001001001000010000010000010010000000100100000000000001000010000000100000000000100000000010010001000100010101001001001000100000100010000000100100000101001001010010101010010010100100010100101001001010010010100100100010010100001001001000010100010000010100101000101001010010010100101010100101001000100010101001001010010101010010001010010010100000000001001001001000001001000010101000000000010000000010001000000100010001001001001000000100101000101010101010101010101010101010101101010101101010101010101011010101010101101010101010000000000000000000000
000000000000000000000000010010101001001001010100010010010010000000001000010000000000000010010000001000100100000000000010000001000100000000100100000100100101011001010010010100010000100000000101011000001011001010100101010000101010100100010101010100100101001001001001010010100100010110100100110100001000101000010000010001010100100100001001001011000100101010100000100101001000000001000100001000000100100010000000000000010000000010000000010010101000101010000100010000001000100000000000010010000010101010101010101010101010101101011010110101010110110101010010101010101010101010100101010000000000000000000000
000000000000000000000010100100010110010010001010100101001000100100000000000000001001000000000000000000000000100010010000001000000000101010010001010001001001001010000101010010100010000010010000010001010100010001001001001010100001001001010010101010101010101010010010001001001001101000010010001001010010000001000010100010000001001001010010010100101010101001001010010000010000101010010000010010101010000000010010010101000001010000100010001001000010000000010000000010100000001001001001000000001000101010101101011010101010110101010101011010101101010101010110110101011010101001010101001000000000000000000000
000000000000000000000010101001010001001001010001001000100000000001000100000100100000001000001001000100001000000000000001000010010010000000000100001010010010100101010001001001001000100110000101001000010010100100110010010100010100100100101010100101010010010010101001010010010100010010100001010100100000101000010000010100101010010010001001001010100100000100101000100101010100000100101001000000000100010000000100000000010100000100001000100010010000100100100101001000001010000010000000010100100010100101010110101001010101010101010110101101010110101010101010101010101010101010101010101000000000000000000000
000000000000000000000010010010100100010010100101010010100101010100000000100000000000000000100000000000100010001001001000000000000000001001010001010001001011011010001010010010000000010000100000000100100000010101000100100001001001010101000100101010101010100101010010100100100101001001010100001001000101000001000101000001000100101001010010010101001000101010100010000100100010010001000100001000010000000001001000010001000000010000100000000100000010000010000000000000100000101000010010000000001001001010101011010101010101010101010101010101011011010101010101010101101010101010010010101100000000000000000000
000000000000000000000100100101010101010100010010001000010000000000100000000001001001000010000010010000000000000000000000100100100010100010000100001010010001000101010001001001001010000000001010100000101010100010101010010100100100100010110101010101010101001000100100010010010010100100100001000101010000010100010000010000100010110100001001000010010010010000010001010001001000000000000001000010000100100100000010000100001001000010001001010001010000100000100100100100001000000010000000100101000010011010101010101101101010101010101101101101101101010010101010101010101101010101010100100100000000000000000000
000000000000000000001001001010010000100001001000100101000010100000000010001000000000010000001000000001000000100100000010000000001000001000001000100100100100101001001010010100100001001010100000001010000000001000100100100101001001001001001010101010101000010101010010100100100101001010010100101010000001000001000001000010010100010001010010010100101001000101001010000010001010101001010100010000010010000000001000100000100000001000000000001010000010001010000000000000100001001000010010000000010100100010101101010101010101010101010011011010011010101010101011010101101010101001010101010110000000000000000000
000000000000000000000101010101000101010101000101010010100100001001001000000000000000000000000000000100010000000001010000001000000000000001000010010010010010010010100101000010001000000000001001000000100101010010010010010010101010101010110101010101010101001010010100010010101000100001000101000001010100010000101000010100100010100100001001010010010100010010010000101001010010000100000001000101000001001001000000001000001010000010100101000100101000000000101001001000001000010001000000101010100010010101010101011010101010101010110100110101101011010101010101011010101010101010101101010100000000000000000000
000000000000000000001000100010010000101000101010100100010000100000000000000001001001000100100010010000000001000000000000100010010000100100001001001000100100100101001000101100100010010100100000001001010000000100100100010101010100101010101010101011110101010001010010101001000101001010101000010101000001001010000001000001000100010010100101000100100001001001000101000010100100010010100100001000010100100000100110000001000000010000000000010010000001010010000000000010100001000100000100000100010101001010101010110110110101101010101010101010101010101010101010101010110101010101010001001011000000000000000000
000000000000000000001010011001001010101010000100101001000100000100000100100000000000000000000000000100001000001000000100000000000010000000100000010010010010101001110101000000010100100000001010100010000101010001010101001010010010010101101101011101001000100100100100100100101000101000000101001000010100010001010100010010010010100100010000101010010100100100010000010100010010100100100010100101000000001010001000100000010001000100101001000100101000000100100101001000001000010001000001000001001000110010110110101010101010101010101101010101010101010101010110101010101010101001001110010010000000000000000000
000000000000000000010100100010010001000001010010100010010000010000100000000010000000001000001000100000100000000000010000000100001000000010000010100100100100100100100010101010100000010010100000001001010100100101000010100100100101010101010110101010111011001001001001000101000101000101101010010001001001000100000001000000010100001010100101010001001000010000100010100000100100010010001001001000010010100001000010000010000100000000000000010000000010010000000000000001000001000000001000000100100101001010100101010101101101010101010101010110110110101010110101010101010101001010010001101101000000000000000000
000000000000000000010010101010010100101010010100101001000101000000000000001000010010000010000000000000000010010010000001000001000000101000010000001001001010010101011001000100010010000000001010100000000010001000101000010010010101011010101010101011001010010100100100101001010010101010000100100100100010010001001000010101000010100010001000001010010010000100001000001010010001000100100010010010000100010000010000010000100000101001001010100101001000100010010010010000010010010100100010010001001001010010101011011010110101010101010110101010010101101101010101010110110101010101010101001010100000000000000000
000000000000000000010010010010100010101000100010100010010000000010010010000000000000100000100010010010001000000000000000010000000010000001000100100100010000100100100010010001001000010100100000001010101000010010001010101010100100110101011101101010110100100010010010010010001001010100101001001001001001000100100001000000001100000100010010101000001000010000100100100000001010010001001001000000010001000101000101000100000010000000100000000000000010001000000000000001000000000000000000000100100010100101010100101110101010101010101001010101101101010101101010101010101010101010100101010101000000000000000000
000000000000000000100100100100010100100101010101010100100001010000000000000010000000000000000000000000000000100010010100000010010000010000000000010001001010101001010101001010010010000000001001000000000010100100100100001001010010101101110101011101011010101001001010100101010000000101000100010010000100010000001000100100101001001001000100100101000010000100001000001010100001000100000010010001000100100000010000000001001000010010001010101010100000000010100101001000010100100101001001000010010100010101010110101101011010101010101101010110101010110110101010101010110101010100101010101010100000000000000000
000000000000000000010010010101001001010010001001010001000000000000100000001000000100010010000100001000010000000100000000000000000000000010101001000100100100010010001000010001000000010010100000001001001000000001010101010101001010100101010101101010110101000100100100010100001010101010010010100100010000100010100010000010000000000000010000010000101000010000100000100000000100010001010100000100001000010101000101001000000001001000000000000000000100101000000000100001000010000000000000001001000010100010110101011011101010101010101010101001010101101010101101010101001110101010100100101010100000000000000000
000000000000000001001001000100100101001001010100100100101000010010000100100000100000000000010001000010000010000000000010100100010010100000000010010001001001001010100101000100101001000000001010010000010010101010000010100010100100101010110110101101011010101010010010100010100101001000100100001001001010010100001000100000100101010010000101001010000010000100001010000100100001000100000001000000001010000000010010000010010000000010010010100101010001000010010000001000000000101001001001000000101001001001010101010101010101010101010101010110101010111101101010101010110010101010010010101010110000000000000000
000000000000000001010010010010101010010010001001001001000001000000000000000000000001001000000000100000000000001000101000000000000000000101001000000100100100101001001000100010000101000100100000000001000000000000101000010100101001001011010101101010101010010001001010010101001000100101001000100000100001000000100010001010000000000100010000100000101001010000100000010000000100010001010100100100100000100101001000101000000010001000001000010000000000010001000010100000101010000100000000010010100100100100111010101011011010101010101010101001010110101010101001010110101101010101010101010101010000000000000000
000000000000000001001001001000010001001001010010100010010000000100100000000100001000000010000000000000100100100010000000001001000000100000010010001001000010010010100100001000100001010001001001001010010101010010001010100100010010101001010101010101101010100100100000100010010010010100100101001010001000010100001000010000100100010001000100010100001000000101001001000101010000000100000010000001000001001000000010010010001000100010000010000100101010000100010000001010000000100001001000000000010010010010100101011101101101010101010101010101010101111101010101010011010101010010010010101100100000000000000000
000000000000000000100100101010101010010010000100101001000010000000000100100001000000000000010010010010000000000000000001000000010010000101000000100010001000100100001000100010000100000010100100100001010000000100010001001001001010010010101010101010010101001001001010010100100101001001010000010000100101010000100001000010000000000100010000100000100010010000000000000000000010010000101000010100000100100010101001001000100000000000101000010010000000100000000001000000010010000100000010100101000100100100101001010101010010101010101011001010010101100101101010101010101010101010101010010011011000000000000000
000000000000000010010010001001001001001001010010000100001000100000000000000000000010010000000000000000010001001000010000000000000000100000010010001001010010101001010010001000101001010100010010001010001010010001000100010010010001010101010101101011010100101010010010100010010001010100101010000100000000000101001000001000100100100000000101001010001000000101010101010010010000000100000101000001010000001000010010010010001001001000000010000000100100001010010100010010000000100001000000001000101001010101010101010101010110110101101010101010101010111011010101010101101010101010010101010101010000000000000000
000000000000000010101001010010010010010010010100101000100000000010010000001000010000000001000100000100000000000010000000001001001000001001001000000100000001000010001001000010000100000001000100100001100001000100101010100100100100100010001010101100100010100100100100010100101010000001001001010001010101010000000000100010000000000001010000010001000010100000000000001000000010010001010000100100100001010001001000000100000000000001001000010010010000100001000000000000001010000100010100100010000010100010100010101010101010101011011010101010101010101100101010101010110101010101010100101010101100000000000000
000000000000000010001010001000110100100100100010001001000010010000000010000000000000000000000001000000100100000000001001000000000001000000010010100001001011011001000000010000001001010100010010001010010000101001000001010010010010001001010101010100010100010010101010000101000100101010000100100100000000001010101010000000010000001000000100000100010000001001001001000010100100100000000100001001001000001010000010101001010100101000010010000100000100000000010010100101000000100001000000001000101010010100101010010101010101010101010101001010101011010101010101010101101010101010101010001010101000000000000000
000000000000000101010000010010110010010001001010100100010000000000100000000001000100100100010000001000000001001001000000000010000000000001000000000000000100100110010101000010100000000001001000101001010101000100101010010100100100100101010010101010100010101010010000101001010010010001010010010100101010100000000000010101000100100000000001010001000100100100100000001000000000000010010010100100000010010000001000000001000010000001000000010001010000010101000000000000010010000100000001000101000100101001001010110101010101010101010101010101010101010101001010101101010010101010100101010101010100000000000000
000000000000000000101010100100100100100101010000100000000000001000000000100000000000000000000010000010000000000000000001000000100100010100010100101010010010100001000000010000001010010000010010010100001000101001001001001010010000010000001000010100010000000100101010100010100101001010100100100010000000010101010010000000000000000010010000001010010001000000001010100010010010101000000100010010101000100100100010010000010000100100010100100000000101000000010100101000000000100001010100010000010101010010100110101010101010101010101010010101010101011010110110101010110101010101001001010101010100000000000000
000000000000000110010001001001001010001010000101001001000100100001000010000010001000000000100000100000001000100000001000001000000000000010100000000000000001010100001001000010100001000101000100100010100010000010010101010100100101001010100010100010100010101001000010010100010010010000010010001001010101000000001000100100010010001000000000100000000100010101010000001000001000000000010001001000100010000010001000010010100100000001000000001010010000000001000000000010101010000100000000000101001011000100101000001001010101010101010101101010101010100101001010101010100100101001010101010101010100000000000000
000000000000001001001010010010101001010001010100100000010000000000010000001000000010010000001000001001000000001001000000000001000100000100001010000010100010000001000010001000001000010000010001001000101001010100100100100010010010010010010100001000010100100100101001000010101001010101000100100000000000010010000000001001000000000001001010001010100001000000000100100010000010001010000100010101010100101001000010001000001001001000010010000000000100101000010010010000000000100000010010000010010010101001010101100101001010101010101010100101010101011010101010101010011010101010101010101010101010000000000000
000000000000000010010001001001001010001010001001001001000000000100000000000000100000000010000010000000000010000000000010010000000000010000100000001000001001010100001000100000100001000101000100010010000100000010010010010101001001001001000010100101001001001001000100101001000010010010001001010101010101000000010010100000001000001000000000100000000100000010010010000000010000100000010000100101010010100100101000100100010100000001000000101001010000000010001000000010100100001001000000010000001000010010010010001010010101101101010101010101010100010010101010101010101001010101010101010101010110000000000000
000000000000010101010100010010010001010001010010010000010010000000000100000000000000000000000000010000100000010000010000000010010001001010001010100001000010010001000000001010001000100000010001000100101001010001000100100000100100100100101000100010010010010010010001000100010100100100100010000010000000010101000100000100000010000000100100001001000001010000100000101001000100001001001010010110101010001001000000001001000101010010001000000010000101000000100010100000000001000000010010000001010010101010101001110101010010010101010101010101010101010101010101010101001010101010101010010101010010000000000000
000000000000010010001001001001001010001010001001000001000000001000100000010010001001001000100100000100000100000001000000000000000000000000000000000100001000100100010010100000100010011001001010010010010010100100101001001010010001010010010001001000100001001001001010010010100001001001001000101000101001000000010000010000100000010010001000100100100100000010000010000000000000100000000000101010110101010010101010100010010101001000100001001000010000001010000000000101010100010001000001000100001001000101010010010100100101101010101010101010101010001010101010101010100100010101010101010101101101000000000000
000000000000001010100100100100100001010010100100101000000100000000000010000000000000000000000001000000000001000000000100100100000100010010101001000001000010010000000000001010001000100010000000100100100100010100010100100000100100010100001010010010001010010010010000000100010100100100010010000100000010010000000100000100001000000000100010000000000001010000101000100101010010001010010010010101010100100100000000000000000101010100001000000001000010010000010100100000000000000100010000010001010010110010101000100010010101010101010101010001010101010100101010101010010101010101011010101010101011000000000000
000000000000010100010010001001001010101010010010000000010000010000100000000000100010000100010000000000010000000100010000000000100000000000000100000100010100100001010100100000100010001000101010000010010010101001001001000101001010100001010000001000010001001001000101010000000010010010100000010001001000000001010001010000000001001000000000101010100100000010000000000000000000000000000000010101010101001000010101010101010010110110100010010100001000000001000000010010010010100000000010000100010010000101001010010100100101010100101010101100100101010101010101001101001010101010101010101010110101000000000000
000000000000010010100100100101010000010100100100100100000010000100000000100100000000100000000010010010000000100000000001000000000010010010100001000001001010001000000000001010001001000000000001010000100100000101010010010010010001001010010101000101001000100010010000000101010010100100010101000100010010010100000000000010100100000010010100000001000001001000010010010010010010010010100100001101011010100101000010000000010101001010100000000001000010100100010010000000000100001001001000100001101001011000101010100101001010010101001010101010100010101010010101010010100100101010101010010101001010100000000000
000000000000100100010000101001000101101010101000000010011000000000000010000000001000000000100000000000000010000001000100000100010000000010000100001000011000100010000100100000100100010010100100001010010010101000101010100100101010001000100000010000100101001001000101010000000100001001001000010001000000000000100101001000000000010000000001010100010100000001001000001000000000000000000000100101010010010000001000100101000010111110010100100100001000000000000001000101010000000000000001000100010100100011010100101000100100101010101010101001001001010010101010101101010010101010101010101010101010100000000000
000000000000101010010101000010101001000100000010010000010000100001001000000010000000001000000100001000100000001000000000010000000001000000100001000010010010001000100000001010000001000000001000100000001000010010010100101001000100100101001010100101000000100010010000000100100001010010000101000100010100100010001000000001001010000101001000000010000001010000000010000010100100100101010010001010101001000100000001000000010100101010100010000001000010010010010000010000000010100100100100001001001010010100100101001010001010001010101010101010010010101001001010101010010001010101101010101010101010100000000000
000000000000001000100000010100010010101010101001000010000010001000000010001000000001000010000000100000001000100000010001000001000100001010000100101000000001000000000010100001010100001010100010000010100010100010100101000010101010010000100100001000101010000100000101010010000101000001010000010001000010001000100010100100010000010000100010101000100100000010010000101000000000000000000000100000000101010000100100001001000010101010101001001010101000000000000010000000001000000000000000100010100100101010010010101000100001010101010101000101000100100101001010010100101010101010101101010100101010100000000000
000000000001100101001010100001001001001000010000000000100000000000010000000000100100000000100000000010000000000010000000000100000000000000010000010001010000010010010000001000000010100000000000101000010000010010010100101001000000100101001001000010000001010001001000000100101000101000100101000100000000100010001000000000000101000100001000010010001001001000000100000010010010010000101000001010101001010100000000100000010101010101010010010000000010010010001000100100100000100100100101001000010101010100100100010010001000101010101010100100011010101010101010100101011001010010110101011010101011010000000000
000000000000010100010001000100100100100101001010010100000000000001000000010000000000001000000010010000000001000000001000100000010001001010000001000100000001000000000010100010101000001001010010000001000101000101001010010010101010001000100000101000010100000000000001010001000101000010001000010000001000000000100010010010101000001001010001001000100000100000100000010000000000000010000100100001000010000010010010001001000100001001001001000010010000000000100000000000000010000000000000010001001001001001001010100100100010100100101010101001001001010100010001101010100110010100101010101010101010110000000000
000000000001001001001000101000001001010100100000100001001001001000000100000100000001000000010000000001001000010001000000000010000000000000100000000010010100100101001000001000000010000010000000100100010000100010010001001100010010100100001010000010100001010100100010001000100000101001010010100010010010010010010001000100000010100010001000100101001010001010000100000100100100100000000001001000010010101000000000100100010010100100101000101001001010101001000100010010010000100100100100100100010010010101010100101001001000101011010101000010100101001010101010100100100101010010010101001101010101010000000000
000000000010100100100101000000100101000010001010000100000000000000000001000000001000000001000100001000000000000000000010010000000100010000001001001001000000001000100000100000101000101000010010010001000010010100010010000101001000000010100001010100010100000000001000010010010101000100000100001001000000000100000100010000010101000100100101001000101000100000000000010000000000001000010100000101001001010010101010010001001000101011001101000100101001000100000001000001000010000000000000010101100101100010000010100100100101001010101001010100011010101010010101011001010100101001101010101010010101010000000000
000000000001010010010000100100010010010100100100100001000010000100100000000001000000010000000001000000000100001000010000000100000000001100000000000000010010000000001001001010000100000010000000000100010000100101010001010010100010101001001000100001001001000010000010000100000000010001010001000000010100100001001001001010100000101001001000100101000101001001010010000101001000000010000001010000100010001000000000100100010010000100100010010001001010010000010000001000010000100100101010100000001001001001010100101001001000010101010100101001000100101001010010010101010101001010010100101010101010101000000000
000000000001001001000101000001001001001001000001000100001000000000001000001000000010000100000000000010010001000010000000000000010001000000100010010001000000101010100100000000010001001000100101010001000101001000100010001010010101000100000010010100010010101001000001010000101010100010000000010101000000001000000100100100001011000100100010010010010100010010000000100000000001010000000100001010001000100010100101000010100000010001001001000100100000100001000000100000000101000000000000000100100100101010010001000010000010100101101001010100110101010010100100101001010101010101101001001010101010101000000000
000000000010100010010000010000101010100010011100010001000100100000000001000000010000000001001000010000000000000000000100100001000000000000001000000100010000000000000001010001000100010010000000000100010000100100010100100001001001010001010100001001000100000000010000000100010000001001010100000000010100000010100000000010100101010001001101001001001001001000100100001001000000000001000001000001010010010000001000110100010101000101010100010010001010010100010100000101000000101010000010010001001001000100100100101001010000010110110101010001001010101010010011000010101010100101010010100110101010101000000000
000000000101001000101010100010010100101000001001001000101000000100100000000010000000010000000010000000100000001000100000001000000010001010000000010000100010010010001000000100000001000000001001001000001010010010100001001101010010100100000010100100010001010001000010010001000100100100000000100000000001001000001010101000010000100100101100100101010010010010010000100000010010000100000100010100001001000010100001000010100000001000000001001000100101000000000000100000010100100000101000001000100010010010010010001010001010101010110101001010101010100100101010011001001010101010001101010001101010101000000000
000000000100110010000000010001010010100101001000000010001000000000001000010000000100000000000000001000001001000000000000000000000000100000000010000000001000000000100010000000100100010101000010010011000100100010010100100000101000010101010100000001000100000100000000000100001001000001001000001001000000000000000000000010100101010010001001001001001001000100100000001001000000010000100001001001000000010100010100100010101010100010101010010010010000100100100101001000000000000000000010000010011100101001000000100100100010010101011001010001010101010101001010100101101001000100100010010110101010101100000000
000000000101001001010101001010001000010000001010101000010001001000000010000000010000001001001001000000000000000001000100100000100100000001001000001001000010010010001000010010000001000010010100000000010001000100100010010101000101010000000001010100010001010000010101010000000100001010000001000000001001001001001001010100001010001001010010010010010010010010001010010000000100000000000100000000100101000001000010001001000100010010100001001001000010000000010010000010010001001010010001001000100001000100101010010010000101010101010010101100101001010010101010100100101010101010101010100101010101011000000000
000000000010010010001010010001010101000100100100000101000100000001000000000100000001000000000000000100100000010000000000000100000000010000000001000000010000000100000010000000010010010001000001010100001000110010001000100001010010100101010100001001000100000101000000000101000001010001010000001000000000000010000010000010100001010100001001001010101001001000100000100100100001000100000001010100000000010100010100100100100010001001001010010000010100100100001001010000000100000000100000000000100100100001000010001001010001001001101000101010101010101010100101001101010101001001010101010101010101010100000000
000000000101001001010001000100101000000000001001010000010000000000000000100000000000000000101000100000000010000100010001000000000010000100010000000010000001010001001001000101000001001010001010000001010010000100100010000101001010010100100010100100010000010000001001010000010100000100000100000000100010010000010000010100001010100010100100101001000100100101000100000010000000000000100100000001001001000001000000101001001001110010010001001001001000000000100001001000100000010010000100100100100010001010001000100100000100101010101010100010101001010100101010010010010101010110000100100100101001010100000000
000000001000100010001010010001000101010010110010000100000100100000100100000010010010001001000000000000000000000000000000000001000000000000000100100000001000000000000000010000010100000001000001010100000100101001001001010010100100100010001000010010000100100000000000000100000010100010010000100010000000000100000101000010101001010100101001000100110101001000101001001000100100010000000000101000000010010000101010001010101010101000100100100000000100010010001010100010001001000100010000000000010100100011000010010010101001010011010101001010110101010101010101010110101010100101010010010101010010101100000000
000000000101001000100001000100101000000000001001010001010000000100000000000000000000100000100001001001001001001001000100101000001000101000100000000100100000001001001010000001100000001010010010000000010000000100100100000100101010100100100101001001010010000101010101010000101000001001000000001000000100010000010000101001001010100001000010010101001010010001000100000000000000000010010010000010101000000010100000100100001010010101000010001010010001000000000010001000000000010001000001001001000100010100101000001000000000100101101010110101001001001000101101001001010101010010010101001000101010101010000000
000000001010010101001010010101000100001000101010001000000100000000000001001000000000000100000100000000000000000000000000000000000000000000000010000000000100100000000000100100001001000000100100101010100101010000010010101010100100101001000000100100000000100000000000000100000010100100001000000000010000000101000100000100100100101100101001001010101001001010010001001010010100100000000000100000000010101000010010010010110000000101001000100000000000001001000000100001001001000000001000000000010001000010100010100010101010001001101010010100110101010110100100010110001010010100001000100101010001010110000000
000000000100100000010000100000010000100000001000100001010000000001001000000000010010010000100000000100010000010000010000000001000100100001001000000100010000000010010100000000100000010100010010000000000000000101000100100010101001000100001010001001010010000101010100100001001001000000100000100010000010010000010001010010101011010101010100101000101010010000100100100001000000000100010010001010010000010010100101000101001011010010000010010000100010000000010010000100000000000100100001010010100000101001001000001001000000100100100101101011001010101001010101101001010101000010101001001010100110101010000000
000000010101010101001010001010100100001001000100001010001001001000000000000010000000100010001001000000000010000100000010010000000001001000000000100000000010010000000001001001000100000001000000101010010010101000010001001001010010010010100000100010000000101000000010001000010000101001000100000000000000100001000100001010010100101010100101001010101001010101001000001000010010000001000000100000100101001000001001001001010100000100010000100101000000100010000000100000100100100000001000000000001010000100010010010010010100010010010010010100110101010101010100101010001000010000001010010100101001101010000000
000000010100100100100010010100100000000000010010100000100100000000000001001000000000000000100000010001000000000001000000000000100100000010000010000001001000000001001000000000000000100100000101000001001000010001001010010100100100100100001010001001001010000000101000100010100010000000010000000100001000000100010000100001010011110100001000010010100110001000100010100101000100010100010010001001000000100010100010000010001010100001000000010000001010000000000100000010000000001001000000000100100000101001000001001001000001000001000101010101001010101001001010100100100101000101000100010011001101010101000000
000000000101001001001001000101001001000100000100010001000001000010010000000000100100010000000000000000010001000000001000010010000001000000100000010000000001001010000010010000101000000001010001010100000010100100010001000101001010010010100001010010010000100101000100010100010100101000000100100001000010100001000101001010010100001010100101010101011001100101001000010001010001000000000100100010010100101010010101010101010001001000001010000000000000010010010001001000010010000000010010010000001000001000010100000100010000101000101010101010101010010110101010101010001000010000010010001011001010101011000000
000000010100010100100100101010000000000000101001000100010100001000000100000000000001000001001001000100000000000100000000000000000100001000000100000010000100000000101000000010000000101000000100100010101000000001010010010100100000100101001010000001000010000000010001000001000010000001010000000000100100001000010010010001001001101001010010101010001010010100010010100101000100000101010000001001000000100100100001000101101010100000100000001010010000000000000000000000000000010001000000000000100010100010100001010001000101000010010001101010101010101000101101010000100010100010100001010101001010101001000000
000000100101000010010010000001010000100000000100010001000000000000000000100100000000000100000000000000100100010000100010010001001000000010000001000000100000100000000001000000010010000010010001001000000010101000001001010010010101010010010100101010010001001001000100010100101000101000000100001000000001000010000000001010010110010100010100010101010010100010100100010000100010100000000101000010010010010010010101010010100100001001000101000000000100100010001000100100100100000100001001001000000100010100001000000100010000010000001101010101010101010111010010010100001000001000001000100101010101010101000000
000000010010010101000100101010000100000100101001000100100010100100010000000000100100000001001001001000000000000000000000000000000000010000010000000100000010000010100100001001000000000000001001001001010100000100100100100100100000000101010010010001000000100000010000000001000010000010100000100001000100001000100101010001010010101001100010100001010100010101001001001010010100001001010000001001001000010100101000100100101010100000010000010000100000000000100010000000000000100001000000000010010000000000100101010001000001000010100010011010101010101000101101100010100010100010100010001001010101010101000000
000000101010010000101001001001000000000000010010010000001000001000000010000000000001000000000000000001000001000100001000010010010010000000000000010000010000010000000001000000010010101001000010010010000001000001001001001001001010101010101001000100010100000100001010010010010000101000001000001000010000100010001000001010010100100100010100101101000101001001010100100100100001000010001010100000010010101010000101010101010010010101000010000100001001001000000000010010010000001000010010010000000101010101000000000100001000101000001001101010101010101010101001001000010000001000001001001010101010101010100000
000000101001000101000100100100100000010010010100010010100000000000100000000100010000000100010010010000000100000001000010000000000000001000100101000010000001000010100100001001001000010000101000000100010100010100100000100100010000100101010100101000100000010000100001000001000100000100100001000000000010001000100001010000100001001010100010100100101001010010100101001010010100101000100000010101010100010100101010010100100100100000001000100000000000000000010010000000000001000001000000000000010000000000001010010000100000000001010100010101010101010101010101010001001010100010100000100101001001001101100000
000000000100101000101001001001000100000000101010100100001010010100000100100000000010010001000000000100010000010000000000100001010001000010000000000000001000010000000001000000100001000100000010100001001000000001001010010010100101001001100010010010010010000100001000010100010001001000010100010010010000000100010100001010010101010010010100101001010101001001001001010001000001000100001010000010001011010011010010100101001001010010000000000100100010010010000000100100100100010000001001010101000010010101000000100100001001001000100010101011011010110101001011000100000100001000010100001010100100101001000000
000000110101000101000100100100100001000100101001010000100000000000000000000000100000000000010001000000000001000010001000000100000100000000000000001000100010000010010100010010010100010000010000010100100000101010000100100100010000010010011001001001001000010000100001000001000000000001000001000000000001010001000000100100101010000100100001010010100100101010101010001010001010101001010000101000100100101100000101010000100110001000010010010000001000000000000100000000000000000100100000000000000000000000001010000000100000100010011010101101010101001010110101010001010000100010100000100100010010101010100000
000000001001010000101001001001000000000001010101001010000100100001000000001000000100000100000000000001000000000100000010000000000000100001001001000000000000010000000001000100000001000010000101000010001010000000101000101001000100100101000100010010000010100100001000010100101010010010001000010100100100000100010100010010000101010010101010010100001001000100100101010000100000010010001010000100001010100010110100000100010000100100000000000010000010010010100001001001001001000000001000000010010010010101000000101010001000001010100010010101010110110101001010000100001010001000001010001011000101010101100000
000000110010000101010010100100010000010001100100100000010010001000001001000010000000010000100100100100000100100000100000000010001000000100000000000010010001000001001000010001010000001000010000001000010000101010010000100010010001000100101001000100010100000001000001000010110000001000100010000000000000010010000001001000101001010101000000101001100100101001001010001001010101001000101000001001010010101101000101101000010101001000100100010000100001001000001000000000000000001001000010101000000001000000010010000000000001001001010100101010110101011010110100101000100000010001010000100000010010010101010000
000000001010101000100100010010000000000010101010010101000000000000000000000000010001000010000000000000100000000010001000100000000010000000000000100000000100001000000010000100000100000010000100010010100100000001000100101001000100010010010010010010100001010000010010001000001001010000001000010010101001000000100100000101001010010010101010100100000010100101010101010010000100100110010010100010001010100010101010010010001010010010000001000010001000000000000001001001001000000010001000000001001000010010000100100100100100010010010011001011011011010101010101000010001010000100000100001010100001010010110000
000001010001000101010010100100100001001001010100100000001000100100100010001000000000000000001000001000010000001000000000010010100000001000010010000100000000100001001000010010100000100101010000100000000010100100010001000001010001000100100100100100000010000101001000100001000100000100100001000000000100100100000001010010010001010100000100101001010101010101010100100100101001001001001010010100100101011010001001001001010001000001001000001000000000101001001000000000000001010000100000000100000010000000010000000000010000000101010100010100110101101011010101010100010000101001010000100000001010100101010000
000000100100101001001000010001000100000010100010010100100010000000000000000001000100010001000010000010010010000000100010000000000001000010000000000001000000001000000010000110001000001010000100001010101000001001000010010100000100010010010001010010101000100000000001000100010000100010001000010101000000001000010000000100100100010101010010101000010001010010101010010101000100100100100010100001001010100101010100100100010100101000100000000001000100000000000000100010010000000100000101000001000000010010000100101001000010010000100101001010101110101010101010100010100100000010001010001010101001010101010000
000001001010010010010101001010010000001001010100100010000000010001000100010000000000000100010000010000000000000010000000000100000100000000001000010000010101000001001000010010000000100010010010010001000000100000000100000010010000100100100100100100010000001010100100010001000010000000100010000010001010100001000101010001001001000101010100100101001010001010101010101010010010000001010100001010010010010100100101010010100001000010000010100100010001000010010010001000000100100000010000001000010010000000010000000000001000000101001001010101011010110101010101001000000010101000100000100000000001010101010000
000001010010100101001000100010000010010010010010001000101001000000000000000100010001000000000000000001001000100000001000100000100000010010000001000100000000010000000010000100010010001001000100000100010100001010100001010100100010001001010010001001000101000000001000100100010000101010001000100001000100001000000000000100100000101001001010101010100001010101010101010001001001010010010010100100100101001010010100101001001010010100101000000000000000010000000000000001000000001001000100100010000000100101000100010010000010100010101010010010010110101011011001010010101000000010001000001010101010010101011000
000001000100001001010010010100101000100100100100100010000000000010010001000000000000000000101001000100000000000001000100000000000001000001001000000000100000000001001000010001000000000100010001010001000000100000000100000000001000100010010100100100101000010100100000000000001010000000100100001010010000100001010010010010001010010010010001001001001010101010101010100110010010000000101010101001001001010100101010100010100100100000000000001000100010000000001000100100010010100000000000000000100010000000000001000000101000000010010010101010101101110110101010100100000000101000100010100000001000101001010000
000001010010100100100100000010000101001010110010100100100101010000000000010001000100010010010000010000001001001010000001001000010000000100000000100000001010010000000010000000001001000010000100000100010100001010010001001010000000001001001001010001000010000001001010101010010000100000000001000100000100001000000000100100100001000100100100111010010100101011011010101001001000101010010010100100100100100010010010101001001001001010010010000010000000100101000010000000000000001001010101001000001000010000101000001000000010010001001001001001010110101011010100101001010100000010001000001001001001001010101000
000001001000101011010001010100101000100100001000010010010000000100000100000000000000000000000000000000100000000000001000000010000010001000000100001001000000000101001000001010100000101001010010010000100000100000000000100000010010100100010010001010001001010100000000000001000010001010010100100001010010100010010010000001000100010010010101011001010010101010101010101010100101010101001010010010101001010101010101010100100010000000000000010000000100000000000000001001010101000000000000000011000000000010000000100010010000000010101010101010100101101010101010100100000000101000100000100000001010010010101000
000010010010010010001010001001000010010010100101001000000101000001000000001000010001000000000100100000000000000000000000000000000100100001000000000000010001000000000010100000000100000100001000100010101010001001001001001010000000010001001000100001010010000010101010010000010001000000100001001000000100001000000100010100100010100101001001010101001000101101101101010100101001010101010101010101001010101001001010101010010100101010100100000001010000100001001000010000000000010010010010010000001001000000010010001000000100100100010010010010101011011111011010010001010010000000001010001010011000010101011000
000010100101001000100000100010010100101001001000010001010000001000010001000010000000000010010000001001000100100100100010010001001000000100010010010010000100101001001000000000010000010000100010001000000000000000100000100000100101000100100010100101001000001000000000000101000100100101000100000001001000100001010000100010001001001000100100100010010010101010010101010101010010101010101001010100101010101010010101010010101001000000000001000100000000000100000001000001001001001000000000000000100000001001000000000000100000000010100101001010010101111001101010100100001000010010100000000000000010100010101000
000001001001010101010101001001001010000100100101001000000101000000000100000000000100010000000010000000000000000000000000000000000001000000000000000000000000000000010000101010000101000100001000100001001001010100001010001001000000100001010000101000000100100010010101000000010000000000010001010100010010010000000100001010100000100010010010010100101010101110101010101010101100101010101010101010100101010010101010101001000100010010010000010000001001000000010000001000010100000010101010010100000100000000001001001000001001001000010010101001001010101110111010010001000010000100001001010010100101011010011000
000010010010000010001000100100100000101010010010010010101000100100100000001000010000000000001000000000001000100010001001000010000100001001001001001000101010101001000010000000010000000000100010000100100000000000100000100100010101000101000101000101010001001001000000010101000101010100100000100001000100100100100010101000000101000100000100100010100100010101010101010010100101010101010101001010101010101010101001001010010000100000000100000000100000010001000000100001000010010000000000000001000000010010000000100001000000000010100101001010110010111101101010100100001000010000100000000000000000100010101000
000010100100101001000100010010010100000010100101001000000010000000000001000000000001000100100001001001000000000000000000010000100000100010000000010010000000000000000000100001000010101001000000010000001000100010000100000001000000010000101000010000001010010000010010000010010000000000010100001010101010001000001000000100101000100001010001001001010101010010101000101001010101001010101001010101010010110010101010010001001101001001000001000100000100000000001000001000001000000100100100100000010010000000100010001000000100010101001001010010001100101011010101010001000010000100001010010010010010010101010100
000010010010100100101010100100100001010100010001010010101000001001000100001000100000000000000000000000000010001000100100000100000000000000000010000000000100101010010010000100010100000000001001000010010000001000010000010100000101000101000101001010100000100101001000101000000101010010100010100100001000100010100101010010000010010100100100100100101001010101001010100110001010101010101010101010101010110100101010101010010000000100001000010001000000001001000000100000100001010000010000000010000000001000001000000010010000000010100100110101010001011101110101010100001001010000100000000000000001010101001000
000010100100010010000100010010010100100010100100000100000101010000010000100010001000100001001000100100010000000000000000000000010010001010010000010001000001000000000000100001000101001001000000001000100100000001000100100001001000010000100010100010010100110001100010000010100000000100010000010010100101010100001000010000100000000010010001001001000100101010101010010001010110101011010101010101010101001010101001000100100110101001000000000000010001000000010010000100001000000101000010010000010001000010000001000000000010010001010010001001001010100110101010100101010000000100000101001001001001010010101100
000101010010100100101000100101001010010100010010101001010000000010000010000000000000001000000000000000000000100100100001001001000000100000000000000100001000100010010010000100001001000000000100100001000000100100000010000000100001000101001001001001000010000101001001001000001010010001001010101010001000001000010101000010001010101001000100010010010101001001010010101010101001010101010101010101010101010100101010101001001000000000010010010010000100000010000000000000100010010000000000000000000100000000100000001001001000000100100101010100101010111011010010101000000010010010010000000000000000010101010100
000100100100010010010010010000100001000010100100000100001010010000000000010000100010000000010010001001000100000001000100000000001000001000100101000000100010001000000000100001000101001001010000000100010100000001010000101010001000101000101000101010010001001000010000010010010000100100010001001001010010100101000010100100100000000010010010100101010101010110101010101001001011010101101010110101010101000010101010100101010010101000000000000000000000101000101001001000000000000100101000100100100000100100001000100000000001001001001000100101000101010101010101100101010100000000000100100100100101010010010100
000101010010100101001001001010010100010100010001010010100001000010010010000010000000000001000000000000000000000000000000000010000001000010000000000010000000000000100010000100001000100000001010010000000000010100001101001000000010000001000010010001000100100001000101001001000010000001000100010101001001001000101100010000000010101000001000000100010010010010010100101010101010101101010111010110101010101101010100101010001001000000100100100100100100000000000000000010010010010000000010000000000000000000000010000010001000000100010010101001010100101010101010101000000001010101010000010000000000001001010100
000000001001001000100100100101000010000101001000101000101000010000000000010000000100100100000100100100010001001000100001001000010000011000010000100000101001010010000000101001010001001011010010000100101001000000000000100010100001010100101001001000101001001000100010010000010100101010010010101010100100100100001001000101010000000010100101010010101010101010100101010101010101010101010101011010101010100101001010010001010010010100000000000000000001000100010010000000000000000100000000001001001010010001000000001000100000100010100100100101001010101101101001010010010000000000000100000100100100101010101000
000011100010010010001001001000010100101000100101000010000001000001000000000000010000000000100000000000000000000000000100000000000001000000000010000100000000000000010010000100000100010000001000100000100000010000100101001000001010001001000100010010000000100010100101001001000010000000010100100010011010010101010010010000000010101001010000000100100101010100101010101010010101010101011010101101010010010101010010101010001000100001001001001001001000010001000000010010010010010000101000100000000000000100001000100000000010000010010110010101010011010101010010101001000101001000100001010000000010010001010100
000100001001001001000100100101001001000101001000010100101000010000010010001000000001000000001000010010010010001000000000010010001000001001000000000001001001010010000000100001010000000110100001001000001000000100001001010010000100100100101010100100101010101000101000010001001000101010101001010101100101001001000100100100101000000010100101010010010100101010101010010101001010101011010111010101010101010101010100100101000100001000000000000000000000000000010101000000000000000010000000000010010001000000000010000010001000001001001001101001010100111101011001000010000000000010001000000010010000010101010100
000010100010010010010010010010100100101010010001010001000101000010000000000100100100100010000001000001000000000010010001000000100000000000001001001000000000001000010010001010001010101000010100100010100101010000100010001001010010010010010001001001000000000001000101000100100010010001000010100100001010010010101001000010000010010100001001001001010101010101010101010010101010101010101101011010101101010100100101001000101001010010010010010010100101001001000000001001001001001000000001001000000100000001010000001000000001000000010010010010100101001010101010101000010100101000000010001000000010010001010110
000101001001001001000100101010010010001001010100001010010000100000001000100000001000001000001000000100000001000000000000001000000100100010000000000010010010000001000000100001010001001000000000000000001000000100000001010010001000100100100100010010101010101000101001010010001001001000010100010101100100100100010000010000100000100001010010010100101010101010010101010101010101011011011011011010100010101010010010101010010010000100000100000000000000000010001001000000000000000001001000000001000000101000000000100001000000000100001010001010010010111011010000100100100000000010100000100001000100101010010100
000100100010100100101001000001000100010010001001010000100010001000100000000001000010100000100000000000000100001000100010000010000000000000100000010000000000010100000010001010000101000101001001001010100000100000100100001000100101001001001001001010010100010010000100100001000100010010110000100010001001010010100101001010001010000101001000100001000101010101010101010101010101101010110110110110101101010101010100100100100100010000100001001010101001001000000100000010000100100100000000100100000100000010000010000000000100010000010100101001010100100110011101010010000010010000010010000000010000010101010010
000101001000101001000100101010010010100100100100100101001000100000000010010010010000000000000101001001000000100000000000100000100100101000001010000100100100100001010000100101010010010010010010000000001010001010010010100010010010010010010010100100100001000100101010010010010010100100000101001001010100100101010000010000100000100000010010001010101010101010101010101010101010101011011011010101010110101010101010010010010001000100001000000000000000000010100001010000100000000001001000000000100000100000100000010010010000000010000101010100010010111010101010000000101000000100000000010100000100010100101010
000100010010100100101001000100100101001001001001001000100010000010001000000000000101001001000000000000010010000001000100000010000010000000000000100000000001000100100010010110001000001001001000010100100000000000000011001001001000100100100100001101010100001000100001001001001001001001010010000100100010101000100101000010000010000101001001010100010101010101010101010101010101010110110101010101010101001010010001001001001010010000100010010010101010101000000100000100000001001000000010010010000100001000000010000000000001001000010000100010100101001011010100101010000000100001001001000000100001000101010100
001001000100010010000100101001001000100101010101010101001000100000100001001010100000000000010001000000000000001000000000100000010000100101000100001001001000101001000100100101100110101010000010000000000100100100101000010000010010010101001001010000001001010010010100100100100100100100001001010010010100100101010100101000101000101000010010101001001001010101010101011101010101010101011011011010101010100101001100101010010001000100000000000100000000000001000001000001001000000010010000000000010000000010010000100100100000000010000010010101010101011101101010100000100100001000000000000000001000010100100100
000101010010100100101001000010010010101000001001000100001010001010000000000000000100100100000100001001001010000000000100000100000100000000010000000000000010001000010001001010010010010010010000100010010000010000000010100101000101001000100101001011010100001000100010010101001001010101010010001001010101001001001001000010000010000001000100101010100010101010101010101101010101011011010110101101110101001010010011010000100110010001001001010001010001000100010100001000000001010000000001001010000001001000000000000000000010010001001000000100100010101010101101001010010010100001001010010100100000010010101010
001001000000101001000101010100100100000101010010101010100010100000010010010101010001000000001000100000000000100010010000000000100001000000000010010001000000100010000000010010101001001000100100001000000100000101010000000000101000100101000000100100010001000101010101000010101010101001001001010010100010100100101010101000100000101010101010010101010101010101010101010110101010110110111011110110011010100001001100001010001000100100000010000100000100010000000000100010010000000100100100000000100000000001001001001001001000000000000001001001010101011011011010100000000100000100000000000000001001001001010100
001010101010000100101000001001010010101000100100101001001000000000000000000100000100001000100010010000000000000000000000101000000000010010010000000000001010000000001010100100100100101010000001000000010001010000000101010101000010010100101010010010100100101000000000101101010101010010100110001001001100101001010100010010010101000010010001010010101010101010101010101010101011010101100101010101101010101101010001010001010010000000101000010000010001000010101010000000000010000000000001000100000100100100000000000000000000001010010000100101001010101010101101010101010000010000001001000100100000101010101010
001000000010101001001010100100100100010010010010010100010101010101001000100010101001000010000000000100101000001000100100000010001001000000000100010010000000010101000000010001001001010000100000010010000000000101010000000000101001001001000100101000010000010010010101010010101010101010010001010101010010010101001011001000001000101001001010101010101101010101010101101010101010101011011110111010101101010100101010001010010100101000000010000100000100001000000000010000100000100010010000010001000000000000100100100010010010100000000100001010100101010101010010100000000100000101000000010000001000100100100100
001010101000100100010001001001010010100101001001001010100010100000000010000100000000000000000001010000000100100000000000001000100100001000100000000000001001000000010101000010000001000100001010000000100100100000000101010101000100100100101001000101000101001001000100000101010010101010101101010010010101010010010101010010100010010010010101000101010010101010101010101101010101011010101010101011010101010101001001010001000010000010100100010001010000100000100001000010000100001000000010000000010010010010000000001000000000000100100000000100001010010110101110010010010000010000010010000001000010001010110010
001001000010010010100101000100100100010000010010010101001000010010010000010010101001010001001000000100000000000100100100100000000000000010001001000100100000010010000010010100101101010000100000100100000000001001010000000000101001010010001000101000010000100000010001010101010101010101010010001010101010101001010010101000100100100100100100101011010101010101010101010101101101100101101111011010110101010101010010101010100000100000001001000000000100001000001000001000000000000001000000001000000000000000010000000000110010100000001001000010100101001010110010100100000101000010000000100100010000010010101010
000100101000100100010010010001010010101010100100101010010101001000000000010001000100100100000010010000010001000000000000001010010010100000000000000000000101000000010100001000100100000010000000000000100100100100100100100101000010000100100101000100100010000101000010010010101010101010101001010101011010101010100101010010010001001010101001010100101010101010110101010101010101011011011010101010101010101010100101000100001010010101000100000010010000100001000000100000100100100100010100100000100100100010000010010010010000001001000000010010101001010110101010101001010000001000010010000000000001001010100010
001001001010010010001001000000100100100000010010101010100100100010010010000100010001000000100000000101000100001000010010100010000100001000100010010010000000001001000011000010001010010000001001000010000001000010001000001000101001010010010010010010001000100000010100101010101010110010010100101010111011010100101001001010100100100100010010010101010101010101010101010110101010101100101011010110101101010100010010010011010001000000010000101000100010000100001000000100000000000000000000000100000000001000001000000000000100000000010001000000100100101001011101010000000010000010000000010010010000010101010100
001010010000100100101010010101010010001010100100100101101001001001000000001001000100110000001001010000000010000001000100001000000000000000000000000000001000100000001000100100010101000100100000001000000100001000100010100010010010001000100100101000100010010101000000100101010101101100101001010101010100101010010010010101010010101010100100100101010110101010101010101101011010101011110110111101010101010011010101001000110100101001000010000000001000010000100010010010001001001001010010010000001001000000100000100100010000010010001000000100001010100110100101101010101000101000001001000000000101001001010010
000001001010010010010010100000001001000000010010010110001000100000010010000010000001000101000000000100100100100000000001010010010001000100101001001001000010001010000101001001100010000000001000000001000001000010010000001001001001010010010010001010000000000000010101001001010101001001001010001010101011001001001010100010010100100001001010101010101010101001010101010101010101010110101011010101101010101100110000100111101001001010010000010010000001000000000000000000100000000000000100000010000000010000000100000001000010000000010010100001001000010101011010010000000000000010000000010010010000010101010100
001100100000100101010110001010100100010101001010101010110010010101000000010100100100000000100101010010000000000100010010000100000100000000000000000000010000000000010001000010010100101001000100100100010100010001000010100100100010001001001001010001010100110101000000010100101010110101010100110101010101010010101010010100101001001010010010010010011010101010101010101010101010101101010110101011010101010010100101010010110100000100000010000000100100000010010010010010000000010010010001001000010010000100100000001000001000001001000100000100010010101010101011010101100101001000010010000000000001000101010010
000001001010101000000100100100001010100010000001001010101001001000101010100001001001000010000000000000101010100000000100100010000000100100100001001000100100100010000000010101001000000010000000000000000000000100010000001001001001010010100100001010000010000000010100100010010101010101010101001001011010101001001001001010010101010101010101010101010101010101010101010110101010101011011011011010101010101010101010100101010101010001001000100100000001010000000000000000010100000000000000000010000000100000001001000001000010010000010100100001001001001010101010001001000000010001000100100101010100010101010100
001100100010000010101001010001010001001000011010010101000100100101000000000100100000101000001000101010000000001001010000010100100100000000000100000010000000001000100101000000010001000000001001001001001001010001000010100100001010001000010010100100001000010101000010000101101010100101010010101010100101010100101010101001010100100010010010100100101010101010101010110101101010101010101010110101010101010101001010010100101000001010000000000000100100000001001001001010000001001001001010010000010010000001000000000100010000000010000010001010010010101010101010110010001001000100000000000000000001000101010010
000001010001010100100100101010001100010010100001010010101001000000101010100010001000000010000010000001001001000010000101000101000000100010000000010100100010000000000000010101010000010100100000000000000000000000010000000010100001010101010101001001010010000000010001010000010101011010101010010010101010100101010101010101001010010100101001011010101010101010101010101010011011010101101101010110101010110101010010100010010010100000100101001000000000100100000000000000000000000000010000000100000000010000010010010000000101001000101010100100100000100101010101001001000010000001010010010000101001010101001010
000101001010001001001001000000100001000100001010010100100010010101000100101000010010001000010000100100000010001000010000001010100100001000001000000000001000001001001001000001001001000000000010001001010100100101000001010100010101000101010010010101001000100101000100001011010101010101010101010101010101001010101010100100101001010010100101001001010101010101010101010101101010101011011010101001010101010101010100010100101000001010010000000001010010000000100100100100101001001001000001010000010010000010000000000010010000000100010100001001001010011010101010101010101000100100000000000010010010010101010010
001000100010100010010010011010001010010001010000100101001000100010010001000010001000000010000000001001010000100010000101010010010000000010100010000010100010000000000001001001010000001001010000100000000000000000010100000001001000100010010101000010000100001000010001010010010010101010100100100100100101010010010010101010010101001001001001010101010101010101010101010101010101010101010101010110101010101010101011010101001010100100000100100100000000010010000000000000000000000000010010000100000000100000100100100000000001001000010010100100100010100101010101010101000000000000100100100000101100010010100100
000101000100010100100100100100100100100100001010000100010001000100000100101000010000001000001010100100000010001000010000000100100010010000000000010000000000010010010100010000100100100000000000000001001001001001000000100100010010010101001000010100101000100001000100100100101001010101011010101001010100101010101010010101010010101010010101010010101010101010101010110101010101010101101011010100101010101001010100001000110000010010100000000000001001000000010010010100100001001001000000000000100100000100000000000100100100100001001010001001000101010110101010101001010101001010000000000100010001100101010010
001000101001000101001010001001001001001001010010100010100100101001010010000010000100100101010000001001001000100010000101010101000000000100100100000000010001000000000000000100000000000100001010010100000000010000010010000001000100100101010101011000001001000100000001001010100101010101010010010101001010101010101010100101001010010100101001010100101010101010101010101010110101101010110101010101010101010110010101100101001010100100010010010100100000010010000000000000001000000010001001001000000000000001001001000000000000010100100100100100101000101010110101010101000000000000010010000000010101010101000101
001010100100101000010001010010000000100100001000001010010010010010000000101000001000010000000101010000100010000000110000001000000100100000000001001001000000000100101001010000101001000000100000000000100101000101000000000100010001001000100100100001010000000000010100010101001010010101001101010100101001010110101010101001010100100010101010010101010101010101010101010101010101010101010101101010100101101001101010001001010100010001001000000000000010001000001001001010100000101000100000000001001001010010000000010001000100100001010101001001000010101010100101001001001001001001000000010010010010001010110010
000100100010000101001010001000101010000010100010100001010010000100101101001001000010100101001000000100001000101000000101010010100000001001001000000000001000100000000000000101000000010000000100000010001000000000010101010001001001010011010001001010000100100100100011000100100101010100100010010101010101010101001010010101010011011001001010101010101010101010101011101101010101010101010101010101011010110110010101010101001001001000100100100101001000000010000000000000000100000000001001010000000000000000100100000100010001001100010010000100101010101010101010101010100000010000010010000000010100100100100100
001000101001010010010000010010000001010100010100010100100100101001000000010000010000010000010010110010100001000010101000001000001001000010100000010001000100001000101010010000000010000010010000101000000000010010000000000000010010000100011110100000010010000010001000101001001000010011011001010101001010101010101010101010010100100101010101010010010101010101010110110101010101010101101010101010100101001001010100101010010010100010010000000000000001001000010100100100010000100010100000000101010010001010000000100000000000000001000100010010010010010101010101010100011001000001000000100100101010010101010010
000101001001001000100101001010101000010001010010100010001001010010010101010100000101000111000000000000010010010010000101010010100000000000001010000100010000100000010000100010010000010000000010000001001010000001010001001001000101101011100000101001000000100000010010010100100101010100100101010010101010101010101010100101010110101010010010101010101010101010101010101010101010101010101011010101010101010110101101001001010101001000100101001001001000000010000000001001000010001000001001001000001000100000101000001001001001010100010010000100001000101010101010110101010000010010010100000001010010101010100010
001000100100010001001001010000001000100100010000001001010010001000001000010010100000100000001010101010101010001000101000100101001001001000000000000000000000000001000010001000000000100010010000000100000000100100000100000000001000010000010101000000000100001001000000100010010010101010101010010101001010100101101010101010101010010100101100101010101011010101101111011010101010101010101010101101010101010100101010110010101000100101001000000000000000101000100100100000000000000000100000100000100000000010000010100000000001001001001000101000100010101010101010010011010101000000000001001001000100010010101000
001001001001001010010010001010100000001001010101010100001001000101000101001000000000001010100000000000100000100010010010010000100100000010010001001000100100100100000000100010010010001000000100100001001000000000100001001010010010100101001001001010010000000000010010001001001000100100010010101001010101010010110101010101010010101010101010100101010100101010101100101010101010101010101010101010101010101011010101001001000010000010010010101001010100000010001000001001001001001000001010001000001001010000010000001001001010000000010010010010001000001010101010101010101000010100100000000100101001001010100100
000100010010010001000100100100001001010010010001000010100100001000101000100001000101010000010101010101000101001000100100100101010010010000000000010010000000000000001010001000000000000010100000000100000000010010001000100000000100001001010010000100000001001001001000010100100101010101010100100101010101010101010101010101010100100101010101010100101011010101011011010101010101010101010101010101010101010101101010101011011001001001000000000000000001001000100001000000000100000000100000000010100000000001000100100000000001010101000100100100100001010010101010100100101010000000000100100010010101010101010010
000100100100100100101001001001010000001010100100101000010001010010010010001000010000000101000000000010010000100010001010010010000100100010010000000000100010001001000000100010000100101000000010000000100100000000000010001001010001010010001001010010101000000000000010100001001001001010001010011010101010101010101010100101001010101010101001010101010101101010100101010101010010101010101010101010101011010110101001010010100000010010010100100100100000010010000100010010010000101010010010010000000101010100010000001001001000000000010001001000001000001010101010101010010100100101001000001001011001001010010100
001001001001001001000101010010000000101010000110010001010100100001001010100000000100010000001010101000001010001001010001001001010000010000000001010100000000100000010010000100010000000000001000010010000001010101001000000000000100001000100101001010000100010010101000000010010010001001010010100101010101010101010110101010101010101001010110101001010101010101011010101010101010010101010101010101010101010101101010100110010101001000000010000000000101000000010001000000000010000000001000000010010000000001000010100000000001001001000100000010100010100011010101010100101010010000100000100010001011000101010000
000010100100100010010000001001010101001001010000100100000010001000010000101010010001001010010000000101000000100010001001000100001101000010010010000000010000000000000100010001000010010010000000000000010000000000000010100100100100100100101000100000010001000000000010101000001010100101010101010010101010010010101010100101010010101010101000010110101010101010100101010101010101010101010101011010110101101010010101010001001000100101010000100101000000010100000000010010010000010010000010010000000100100000010000001010101000000000001001010000010000010100100101010101000101000010001010001001010100011010101010
000100010010001001001010100010000000010101001010010010101001010010100101000001000100010001000010101000001010010100100010010010100001001000001000000001000001000101010001000000001000000001010001001001000010001000101000000000010010010001000101010010000000000100101000000010010100101010010100101010100101010101010101010101001010100101010010100100101010110110101101010101001010101010101010101011001011010101010101001010110101001000000010010000001001000001010010000001000001001000100100000100100010000101000100100000000100010010100010000101000010100000101010101010101001001001010001010100101011000101010000
000010001001010010010000101000101001000000100001000100010010001001001000100010000000000000001000000101010001000010010101101000101010100010000001001000001000000000000000010100100001000100000100000000010000100010000001001010000000000100101000010100100100100001000010010001000101010101010010010101010101010101010101010101010101010100101010101011010101010101010011010101010101010101010101010101010100110101010101010101001001100111010000000101000000010100000100100100010000010010010001001000001000101000010001000100000100100000001000101000101000010100100101010101010010101010000010010100101010010100100110
000100100100101001000101000101010100010110010101010010100100100100101001001000101010101010100010101000100010001000100000100101000000000100100100000001000010001000100101000000010100010000000000100010000010000000000100000001001001001001000010100010000000000100001000000100100100100010001010101001001010101010101010101010101001010101010101010100101010101010010110101010101010101010101010101010101011001010101010101010101010101000100101010000100101000000010000000000000101001000000100010001000010010000000000010001010000000010100001000001000001000010010101001010101001010100101100101001010101001001001000
001010010000000100010000100000000001000101001000100100001000010001001010000010000000000000001000000010001001010010010010010100101000010010001000100100000000100000000000010010000000000010100010000000100000101010100001001000010100000100101010010100101001001000000010100000000010010101010101001010110101010101010101010100101010010010101000100101010101010101010101010101010101010101011011010101101010110101010101010101010100010101010000001010000000010100000100100100100000010100100001000100010000000101010100000100000100101000001000101000101010010001010100110010010100100101010010100010010001001010101010
000000010010101010100101001010101010011000010101001000110001000100010000100000101010101010100001010100100100001000100101001001000001000101010010000000001000000010001001000001001000100000001000001010001010000000001000010001000000010010010100101000000000100000101000001010101001001010010010101001001001001010101001010010100101010101010011010101101010101001010101010100101010110101101010101010101010101011101010101010101011101010101010100000001001000001010000000000000001000000010010001000001001010000000000010000010000000001010010000101010000100101100101001010101010101000101010101010101010101010010000
000101010100010001001000101000100001000101010101010010001010010001001010001010000000010010001010010001001001100010010001010010010100000001000100100010000010000000100000010010000000001001000010000000000000001000100010000010010010100101001001001010010010001010000010000000100101010101010101010101010100100100100101010101010010101010010100101010101001001010101010100101010101101010010101101010101010101101010101010110101000101010101000010101000000010000000101010101010100010101000000100010100010000101010010000100100101001000001001011001001010001001010010100101010010010101010100000010010010010101001010
000001000010100100100010100101010100101001001000000101010001001010010000100001010101001000100000100101000100101000100100010101000000101000001010001000010000001000000010001000001001000100010000010100101000100010000000001000001000001000010101001001000000100000001000010010010000100100101010101010101010101010101010101010101010101001010101010101101011010101011101010101010110110101101101011011010101010101100101010101010110101001101011000000010101001010010000000000000000000000010010001000000000010000001000100010000000100001010100100100101000100000000101011010100100100010010010110101001010101000101000
000100010100010100001000010010010010100100100101010000010100010001000101001010000010000010001010001000010001000101001001000010010000000010101000100001000000100001000000000010100000010001000101000001000010001000100100100001000010100011001010010010010100001000100010000100001010010101000101010010100010010010010101010101001001010101010010101010101010101010101010101010101010010100101101010101010101010101010101010110101001010100010010010101000000000000000100100010010010100100000000010010101001000100000000001000101000001000000010001000000100001010110010010100101011011001001010000100100100100110001010
000001001001001001010010101001000010101010101000100101010001000100101000010000101001010100010101010001000100001000100000101001000001000001000010000000010010000000000100010100000001001000001000001010001000000000000000010100001000000100010001001001000000100010000000010001010010100010101010010101001001010100100100100101010101010110101010101010101010010101010101010101010101101011010110101010101011010101010110101010110101010101101000010000100101001001010000001000000000000000101010101000000100000001010101000010000100100001010100101010101100100100001010100101010100000100110100101010101001010100101010
000101000100100100100100000100101010010010010010101000100100100010000101000100010010000001000010001010010001010010010100000100010100010000101100001000000000001000100001000001010100110101000010100100100010101010010010000000100011001001010101010010010100000000101010100100010101001001010010101010101010001010101010101001001010101010010101010101010101010101011010101010101010101010101001010101011010101010101010101010101010101010010110100110001000010000000100000010101001001001000001001010000001010000000000010000101001001000001001000100010001000010101010101101001010101010001010010001010101010010010100
000001001001010010010010101001010001001001001100100010101001001000101000101001000100010100001001010001000101001011000010101000100000000010010001000010001000100000000000000100000000000100101000101001000000010000001000000010010000100010100100100100000000101010000000000000101000101010010101010010010001010100100100100101010101001010101010101010101010101011010101010101010101010101010101010101010101010101010101010101001010101010101010001010100001000010010000101000000000100100000100110100100100000001000100000010000000000010100100101001010100001000000100010010101001010101010001010011010010010010101000
000101001010001010100100100101001010100100100010010100001010010010100010000100010001000010100100100100010000100010011000000101001000100100100100000000100000000100010010000001010001010010000101001010010010000010000010101000100100001000010101001001010101000000010100101010100010010101001010101010100101001001010101010010010010101010010010100101011011010101110110101010101010101010101010101010101010101010101010101010110101010101010010101001001000010000000100000001001000010001010001010100010001001000010001000000101001010100010010001010001001010010101011010101010010001010101010010100100101010101001010
000000100001010001001000101000001001001010010100101001010001001010010100101000010100101001001010010010100101001010100101110000100010000000100000100100010010010001000000001000000100100100010100101000001000101000101000000010010000100001001010010010000000101001000001000101001001010010010101010101001010010101001010100100100101011010101101010101010101010101001101010101010101010101010101010101011010101010101101101010101010101010101100101010100010100101010000100100100001000100000010101010100100000001000000010010000100000001001000100101010100000100010001001001010100110000010101000010010100100001010100
000101010100100100100101010101010100101001001010010100100100100010001000000101001010000100100001001000010100100100010000001010010000010010000100000001000000100100001001000010100001001001000101010010010000000000000010101000100010001010010010100100100100110000010000011001010001001010101010101001010001001001010010010101010101010101010010101010101010101011010101101011010101101010101010101010101101010101010101010101010111110101010010101010010101000000010000000001001000000001001001010010010101010010001001000000100001010100010010010010100010100010001010101010100101001010100000110101001001010101001000
000001001001001001001010010010010001010010010010101001001001000100100101010010100000101001001100100101010010010101000010110000100100000001000000010000010101000000000000010000010100100000101001010001000010101010100100010010001000100000101010001000010000000101000001000010001001001001010101010101001010010010100100100101010101011010101101010101010101010110111011010110101010101010101010101011010100101010111010101010101101011010101101010101010010101010100001010100000100101000100010100101010010000000100100000010000010000010100001000100001000001000010001001001001010100101010110001000100100100001010010
000010100100100100100100111001001010001010100100100101010010101010001000001000010100010010010010010010001101000010010100100101000001000010010100100100000010101001000100000100010000010101001010100100000100010100001001000101000010001000010010110010000101000000010100010101010010010100101011010101010010101000101010010010001010100101010010101010101101010101101101101010110101010101011101010101011011010101001010101101101011010101010010010101001010000001001000000001000000000010001001010100101000101000000000101000101000101000010100010001010010000010001010101010101001010010010000101010010001010100101000
000001001010010010010010011010101001010001001001001010001010010000100010100100100010100101010101001001011010010100100010011010010100001000010000000000010100000000010000100001001001000010010001001000010001000000100010010100011000100010100101001000010000010100100001000010101001010010101010100101001001001010100100100100101101001010011101001010110101011011011010101101010110101010101010101010101101010101010110101011010110111011010101101001010101010010000000100100010010101001010101010101001110000000100010000010000010000100100000000101001000101000100000010101010110010101001010000010100100000010010100
000101010001001001001010010100010100101010010101010001000100100100010010010010010100010001010101010010010100100010010001010000100000000010100010100101000010101000000010000100100010001001001010100101000000010101001000100001000000001000010100100101000000000001001000010100010010101010010101011001010010010010010010101010101010101001010010101011001010101010101101110110101010101010101010100101001011011010101011010101101011010101011010101010101000000100100100001001000000000000001010100110100000100100001000010000101000101001001010100000100010000010000101010100100100101010100101001001010001010101001000
000001001010100100101001010010100010010010100101001010010010001001001001001000010010100100101010101001001001001001001010000101001001001000001010000000001010010000100000010000010101010101010010101000001001000000000010001010100100100001010101001000010010100100000001001001001001000100100010101010100100100100101001001001011001001010101010101010111011010111101111011010101010101011101010101010111010100101010101101101011101011010101010101101010101010010010000100000000101001010101110101101010010000000100001000010000001000010001000001010001000001000010001010011011010101001001001000010100100010010010100
000001000100010010000101010100101010101010010100101001001001010010010000010011001000001010101001001010010010000010010001010001000000000010010100100000100001000010001000001001000000100010101000000010000000010101010001000000001000001001001000010010000100000001010010010100010010101010101001001010010010101010001010010101010101010010100100110101001010111010111010110110110101010110101010101010100101101011010101011011010101101101010101010010101010000100001010001010010000010000101101010010110001010010000100010000100100010101010010000000100010100010000000101001000100101010101010001101000100100101010000
000010101001001001010010001001010010010101001011010101010010001000100101000100100010101000010011101001000100000000100100001010010100010001001001000100001010000000000001001000001010000100100101101001001001000000000100101010100000100100010001001000010000001000001001000010100100001001010110101010100101001001010100100010100100100101101011000101110110101101101111011101101010111010101010101010101011011010101101110101101011010101101010101101010100010000100000100001000010010101010111010101010100001010010000000010010001001000101000101010000100000000001001010010110010010010010010100000110010010010010100
000000010010100100100100101010001010101001010010001001000100100101001000101001010100100101010101100010010001010000010001000100000000000000000010001001000000100100000000000010100010000001001010010000000000001010010000000000001010000001001000100001000100100010000010010100101010100100010001010010101000100101000010101001010110101010010101010101010101010111010101101011011101001010101101010101010101010101010110101101011010110110110110101011010101001010001000001000010100100101011101101010100010100100000101001100000100100110000010010000100001010100100000101010001010101010101100001011000000110010100100
000001000101001001001001001010100101010101000101010010101010010000100001000010000010001010101010010100010000000010000000101000100001001000010000000000000000000000101010001000011001001100101001000010010010010001000101010100100001000100010010000100100000000000101000000000110010101011010101001010100101001010010100100101001010010110101010101010101010101101011110110101010010101010101010101101010101101101101010111011010110101101001101010101010100101000100010100001000000010101010010101010101010101001010000000000101010001000101000000010000100000000000010010010110101010010010010100101001010001001001000
000010101001010010010010010001010100100010101010101000010100100101001010101001010100100100000011001001000100001000001001000000001000000010000001000100010010010100000000100010100100100001010010010000100000100000010000000001001000011011000100100010001001001010000010101010001010010000001010101010101010100101010010101010101001001001010100101010101010110111101011010110111011010101101011010101010101010101010111010110101011101011010011011010101000010010001000010100010101010001010101010101010100010000101010011010001000100101000010101000100001000100100000100100001010101010101101010010000000100010100100
000000100101001000101001001010101010101101010101000010100010010010010000010010010001001010101100010010010000100000000000000001000000001000001000010001000000000001001000000001001010101010000101000010000010000101000101010100000001000100010000000100000000100000001000000001010100101010101001010001010101010100101010010101010101010101010101010101010101101101010101011010101010101010101010101010101010101011011010111101011101010101101101101010010111001000100001000000000000100100101101010100101010101010001000000001001010001000001000010000000100010000000010001010110001010011010010010100100010010101010000
000001001001010101000100100010000101010010001010110101010101000100100101000101001000010001001010100100000100000010010000001000000100000010100100000000001001010000100010010010010010001001101000010000101000100000001000000001001000000000000101010000100100001001000101010100100010000000100100101010101010010010010101100010001010101010010010101010101010101101101110101010101010101011010101101010101010101010110111010110101011101010101010110101010100010010001000010010101010101010101010101010110101001010010010100100100000100010100010000101000000000100101000101001001010010100010100100100001010000100100100
000000100101010000101010001001011010101010110010001010001000010010001010001000010010100100100100010001010001000100000001000000010000010000000000010010000100001010001000000001001001010100010101000010000010000100100001010100100010010101010000000010000001000000010000000000010100010101001011010101010101010101010010010100101010010001010101010101010110110101010101110101010101010101101011010101010101010111010110111101110110101101010101100100101001000100100001000100000001010101010101000010010100101001010100000010001010010100000000010000010010010000000000010100100101010010101001001000000000101001001000
000001010010001010010010101010000101010101001101110101010111010100100001010101001001001010010101001000000000010000000000000010000001000001000010000000100010100000100010001000010010000001000010010000100000100001001010000000001000000000000101001000010000010100100101010100001001000001011010100101010101010100101010101010101001010100101010010101010101010101011010010110101101101010110101011010101010110101111110101011011101010101110110010101001100100010001000010001010101001010100100101001101010010010010101010001000000100001001010100100000100000010001001000001010101001010100101010100100100010010100100
000000100101010001001001010000101010101010101001001010010001010010010100100010010010010001001000100010100010000000100100010000000000000100010001000110000100010101001001010010001000101010000100000100000101000100000000010010100000100100101000000010000001000010000100000010100000100100100100010101010101010101010101010010101010100101010100101010101010110101010101101001010101010110101101010110101011010110101011111110101011011010101001010100101010001000100010100000001010101001010101001010010010100101100101000010010110010100000000000001010001001000100000001010010010100101001010100100010001000101001000
000001010101010100100010001010010101010101010110101001001010010100100010010001001000101100100101001010001000100100000000000000100100000000000000010001101001000000010010000100100010000100101001000001001000010001001001000000001010000001000010100000100100001000101001010000010100001010010101010010101001010101001010001001010100101010001010010101010101010101010101010110101010110110110101010101010101111011010110101011101010101010101010100100000100100100001000001010000101010110101010101010101010010100010100101001001000000001001001010000000000000000000100100010101001101000010100100000000100010010010000
000000100010001010010100101001001001010101010101010100101001010010001001001010010010100001001000010000100000000000010001000010000000010001001010000010000100101001001001010100001001100010000010001000100000000100000010000100100000100100001000000100000000101010000101000101000000100001010101001010010100101001010010101010100101010001010000101010101110101010101010101010101010101011001011010100101010010110101110111101010101010101010100010010101010010010100000100001001010100010100100100101010101010100100100100010100100100100000100000010010010010010010000001001010010001010101001001101010001001001001000
000000010101010000100001000100100101010010101010101011010010001010100100100010010101001010010010000100000100001001000000010000001000000000000010100100101000010010010010010010100010001001010001000010001010100001001000100001000100001001000010010001001000000000101010010000010010001000101001010010100101001010101001010010110101001100101011001010101001101010101010101010101010101001011010101011010110101011010101101010111010101010001001001000010000100100001010001000010100101101010010010010010101010010101000101010010000001000100001010000000010000000000010000010101001010100010110010000100100001010100000
000000101001001010101010010101001000101010110100101010101010110100101001001001001000101001001001010000010000100000000100000010000001000100001000010010100001001001001001001000010101010000000100001000000000001000100000100100010000000000001000000100000100101010010100100101001000100001010100100101001010001010101010010100100100101010100100010101010110010101010101010101010101010101010101010100101010101101011011110111010110101010110100100010100010000010100101010010100010101010100101101010101000101001000010100100100100100010000100000010101000000100010000010010010100100101001000101001000010100010101000
000001000100100100010010010000100110101010101011001010110101001010100100100100100101000100100000000101000000000010000000100000100000010000100001000100101010010010010010010010100001010101000001000001001000000010001010101001000101010101000010100000100001000000100100001000100010001001001000010101100101010110100101001010101010010010101011010010101010101010101010101010101010101010110101010101010101101011010110101101010110101100100101010100001001010000001000001001001001001010010010010010100101010100101100010101001000000000100001001000000001010000000010000010010010101000110101001001010000001000010000
000000101010010101000100100101010101011010110100110101001000101010101001010010001001011010001011010000000010001000001000001000000100000000000010000010110001000100000000001001001010100000010100001010000010101000000001000100010000000000100100000100000100001001001010100101001000100000101001100100101010101001001010010010101001010101001000010101010101010101010101010101101010010101101010101010101011010101011011011011010101011010101010001001010010001010100101010100101010100101010100100100010100100101010001010100100001001010000100100010000100000001001000000001010100100101010010010010010010101010101000
000000100001000000101001001010100110101010101101000101010010101010101010001001010100100001010001000001001000000000100001000000000000000100001000010100010100010010101010100010010010001001000001000010010000000010101000100001000101010010000001010001000001000010010000001000100010001010100101010101001001010101010010101001010100101010100110101011010101010110101110101010010101010110010101010101101010110110101101101011011010100101010101010010000100100000010000000101001010010010101011010011001011010100010101001010001000000000100000001000100000100100000001010000100010010101000101001001000100010001000000
000000101010010110010010010001001001001010110101011000101101010001010101010010000101000100100100000100000000100010000000000100100100010000100000001000100010100100000000001001001000010000000100001000000001001000000010001000010000001000010100000100001000001001000010100010011000100101001010100100101010001010101100010101010101010100101001001010101010101010101010101011010101010101101010101010101010101010110101010110101010110100100100100100010010001010100101010100100101101010010101010100010101001101001000110000100001010010010010100000000010000000001000000010010001001000101001010000010010010101010000
000000010010101001000100100100100101101010101010100101010010010100101010010101010010011001001001001000100000000000001000000000001000000000010010010010010100010010010001010000100101000100100001000010101000000010100100100010000100100010000001000001000010000000010000100100110010001000101001010101001001101010001010100101010101001010010101010101011010101001010101010101010101101010101010101011010101011010101010111010101110010101010010100010000100100000001010001010010100010101010010101010100101010010010101001100001000000000000000001001001000010010000001000001000100101001010100100010100100101001010000
000000101001000100010010010010010010010101110101010010000010101001000101010001000100100100100100100000001001001001000010010001000000100010000000000010100001010101000100001010010010010010000100001000000010101000001000000000010000001000100100101010001000001001000101000010001000100101010010101010010010101001010100010101010101010001010010101010101010101010110101010101011010011101101010110110101101010101110101101011010101100100101010101000010001001010101001010001010101101010101010010100101001010100100001010000100001001010100100100000000001000000001000100100000000100010000101001000010001010001000000
000000001010010010100100001000101010110110101010101001101001100101011010101010010001010101010000001010000000000000000000000000000010000000010010101001001010010010000001010010001000000000101001000010010000000010000010010010000101000010001000000001000001000010000000101000100010001010010100101010100100101010100010101001010101001101010101010110101010101010101010101010101101101010101010101011010101110110010110110101010101010101010100100101001010010001000100010100010100010010010001010010101010010010101100100100001000010000000001001001010100001010000000000001010010010100101010001001100100101010010000
000000110101001000010010100101000101001010101101010110010110010010100010010001010101001001001010100000001000100000001000100010010000001001000000001000101001001000010100001001010000101010000000101001000001001000101001000000010000001000100001010100100100010000001010000101000100100100101010110101010001010110101101010110100101010001001010101010101010101010100101010101010101010101010101010101010101010101101010101110110101001000101001010010010001001010010010100010101010101010100110101010100101100100100001010010100001000010010100000000000000100001001001001000000000001001000100100100010010100101010000
000000000100100101001000010000101001010101010101100010100001001001010101001010001000101010100100000100100010001001000000000000000000000001000000000010100100010001000001100100101010000100101010100000010100010010000000101001000100100000001000000000000000000100100000101000010000010011000101010010101010101001010010100001010100101101010101010110101010101010101010101010110101011011010101010110110101010101011011011001101010101010010100101000100100100100000100010001001010101010101100100101010010010010010100000000001000010000000001010010000010000100000000000010001001000100010010101001000101010001000000
000000101010010100010001010101010100101010101010010101010110101010010010010100100101001010101001010000000000000000000001000100001001001000000010010100101000100100100010001001000001010000001001010101000010000000001010000000010000000010100001001001010010010000000100010010100010101010011010101010001010101010100010101110101011010010101010101010101001010100101010100101010110101010101010101011010110110101010101010111010101010101010010100010010010010010101000100101010110010100100101010100100101001010100101010100100001001001001000000000001000001000010010010000100000101010010100000010010110100101100000
000000100100100010100100001010001001001101101101101000100001010100101001010010010010010011010100000100100100010010010000010001000000000000100000001000100010001010010000100100010100001010100100001000010000101010100001000101000101001000001000010010000000000010000001000000001010010100100101010101010101001010010100100001010101010101010101010101010100100101010101011010101010110101011110101011010101101010101010101010101001001001010100010101000100101000010010001000100101010110101001001010101000101001001000000100001000000010000010010100100001000001000000000000000100000000101001010101001000100101000000
000000101010010100000101010001010101010010101010010101010101010001001101001001010100010100010101010000000000000000000010000000000000000100001000100110010100100001000010010001010001010000001010100101000010000000000100010000000000000000000001001000001001001000010100010010100001001001010101010100101010010101010101001101010010101010101010101010101010101011010101010101010101001010110101011111101011010101010101101110110101010010101001010100101001000101001001010101010100101010001010010001000101010010101010101001000010101000010000000000000100001000001000100010010000101010001100001000010101010100010000
000000010101001010101000100100100001001010110101010010010101001010010001010100100001000101000000100100100101000010100000010000100100100000000000001001001001000100010001001000001000001001010100101000100000101001010010000101010010100100100100000010100000000001000000000101001010101010101010010010010101101001001010100010101101010101010100101010010010101010101010101010101010110101001010110101110101010101011011010101011010101010010101000010010010101000100010000010101010110001100101100101010010001010100010010010010000000010000101001001000000100000000000001000000100001000101001000101000010000101000000
000000100010010001000101001001001010010101001010101001100101010100101010101001010100010010111010100000000000001000001000000100000000000000100010100100000000010010000100000010100010100100001010110101001010000100001000010000000000000000000000001000000100100100000001010000100101001001000101010101010010101010101001011010010010101101010101010101010101001010011010101010101010101010110110101111010110101010101010111011101010101010101000101001001010000010001000101010010001010110010100101010010101010101001001001000000100101000010000000000010010000010010001000000010010010010011000001000101010101000100000
000000010101001000101001010101000101010101010101010100010100010010101100010100100100000101010000001101001001000000100010000000010001001000000000001001010101000100101001010000001000101001000101010000010000100001000010000100100100101001000010010010010000000000100100000100010001010100110101010100101001010100100110001010101001010101010010010010101001010101010101010101010101010101010101101011101011110110101101101010110101101010010101000100100001010100100100010010101010001001010011010001010010101001010010010001000001000010000101100100000000100000000100000100000100100000100010010010100010010101000000
000000010010010010100101000100010010001001010101001010101010101001000010100010010101010000101010100000000000000010000000010001000000000010001000010000000000100000000100000101010001000000001000100101000010000100001000010010000010000000001000000001000001010010001001001001010101000101010101001010100101010101010100110101000101010101010101010101001010101010101011010010101010101010111011011111101110101010101010101011011110101010100100101001001010010010010010100101001010110010100101001010100101000100100100100100010100001000100100000000100010000100100000010001010000001010010000101010001010001001000000
000000001010100100010000101001001001010101001010100100010010000100101001010101010010000101010001000101010010010000010000000000000100000000000010001010101001001001000010100000000100010101000101001010010001010001000010000000100000001000000001001000010100000000000001010101010101010010010010101001010101010101010011001001010010101010101010010010110100101010101100101010101010101010101101101011010111011011101111011101101001010101010010010010100100100000100100010010101001001001010101010100010010101010010101010000000001000010000001001000001000010000000100000000000101010001010000010001010100101010000000
000000010001001001001010100100100101000100101001001010100100111010010101001010101010001001001010000000000000000001000001000100000000001000100000100001000100000010010000001001001000100000010001001001000100000100001000100100000100100010010000000001000001001010010100100101010010100101010100101010010101010010100100101010010100100101010010100101001010101010010101010101010101010101010101011101111010110101010101110110101110101010100101001010010010100101001001010101010010101010010100101001010100001010100010101010100100010000001000000001000000000000010000100100100000000001000101000010000101001001000000
000000001100100101010001001001010000101010100101010010100010000010001010101010100101100100010001001000101001001000001000000001010010000000000000010000100100100000001001000000010010010100000101010000010001000001000010000001000000000000000100101000010000000000100010010101001010010010101011010101010101011001010101010101001010101010010101010101010101010101101011010101010101010101010110110110010101101101011010101010110101010101010010100101010100010010010010001001010100101010100101010110010101010100101001001000001000000100100010100000010010100100000010000000001010101010010000010101010001010010000000
000000000010101000101010100010001010010001010101001010010100101001010001000101010100101000100100100010000100000001000000001000000000010001000100010010010001001010010100100101000000100001010000000101000100010100001000000100001010010010010010000001000010101000001001010101011001010101010101010100101010101010101010101001010001010100101010101010101010101011010100101010110101101010101101101101110110101010110111011101101101010101010101010101010001001001001001010010010101010101010101011001010010101001001010100100100001010010000000000010000000000001001000000100100000000000000010010010101000010010000000
000000010010010010001000010100100001000100101010101001001001001010010101011010001010100000101001000000000001010000000100100000000000000000010000000000001000100000101000000000010100001000000101010000100001000001000101010000100000000001000000100100010100000010010100101010000100100100100101010101010101001010010010100101010101010010101010101010100101010101010101010101010111010101101111010110101011010111011011011010101011010100101010101001001010010010010100101010100101001001010101010101001000010010010100010000001000000000101001001000010010001000000001000001000101010010010000100101000010000100000000
000000000100100101010010100010001010001001000101000010010010010010101000101101010101001100100100010100010100000010010000000100100100100010000000100100100101001010001001001001000010100010010010001010010100000100101000000010000000100100001010001000100000000001000001010010111010101010101010101010101010101001010101010100100101100101010010101010101010101010101010101010101001010101011010101101010110101101010110111010101010110101010100101010101001001000100010010010010101010101010010101010101011001001001001101010100001001010000100000001000000100000100100010100000010001001000100000010001001010010000000
000000001010010010101000101001010000100000101000101001001001010100101010101010010010100001001010100001000001001000000001000000000000000000000100000000001000100000100010000000010000101000000000100000000010100000000010100000010010000001000010000010001010101000011010101100101001001001010101010101010100100101010101001010011010011010010101010100101001010101010101010101010110101010101011101010101010110110101011100110110101101010101011001010010100100101001001010101001010110010101101010101010000100100100010010010001000010000100001001000001000000100000001000001010100100010000001010010110000010000000000
000000001010101010000101000010000101000101001010101010010100100001010010101010101001010101000101000000000100100001000100010000010001001000100000001001000000000100001000001001000010000010101010010010101000000100101000001001000000000100001010001000100000000001000101010101001010101010101010100101010101010101001010110010101010110010101010101001010110101010101010101010101001001011010110110101010101010101110101001101010111010101010100101001010010010010010010100010101010001010010100101010101011001001001000101010100001000010000100000000100010010000100100000100000010001010010100010100010010101010000000
000000000100100010101000101001010010010000100010010001001010011010001010100101001010100000101000110010010000001000000000000100000000000000001001000000010101010001000001000000010001010000000010000100000010010000000101000000010010100001000000100010001000100100101000100101010101000101010101010100101010101000101010101001010101001010100101001010101001010101101010010101010101010101011010101010101101010101010101110101010101011010101011010101001001001000100100101001010100100101010101010101010000101001010010000010001000010000100001001000000000000100000000100001000100000001000001100010100100000100000000
000000000010010100100101000100001010100101001010101010010001100100110100101010100100101010010001000000000000100000010001000001001001100100100000001001000000000100100100001001000100100101010001010000010100000010101000000101000000000100100100001000100010000010010010101010101010011001001010101011010101010011010101010110101010101010010101010101010101010101010101010010101010101010110101010101010101101010101011001010101010110101010110101010101010010010010101010010100101101010010110110101110101010010100000010100100101000010000100000001001001010000010010000100000100010100101001001001010000101000000000
000000000100100010010000101001010000001000100101010010100100010010010101010101001010101001001000010010010010000100000100010000000000000000000010000000010010101000000001000000010001010000000101000101000001001000000010100000001000100000000000000010000000100001000101010010110101010101010101010101010101001001010101011001011010010010101010101010101010101010101010101010010101010101001010101011011010011011010100110101011011011010111101010101100101001001001001001010010101001001101001010110010101001000001010100010000000010000100000100100010000000100000000100001010001010000100010010100000101001000000000
000000000010010100100010100100100010100101001000001001001011010100101010010101010000100100000101001000000000010000100000000010000100000001001000001001000001000101001010001001000100101010010000010000000100010010001000001000100010000010010010101000000100000100010100101010101010100101010100101101010101010100101011010110100101101010110101010101010101101010110101010101010101010101101010101010110101010110101010101011010101010101010101101010010100100100100100100100101010010010010110101101010010010101010000001010001001000010000010000000000100100001001010000100000000000101000010000010101000100000000000
000000000010100101001000010010010100101001000101010100100000100010101001001011001010010101010010010000100100000010000100000000100001001000000010000000010001000010000000100000010010010001000101001010101000000000100010101010001000010000100000000010010000010001001010101010101010101010101010101010101010101010010101011011011010010100101010101010101010101010010101010101010101010101010110101011001011010101011101101100101110101101101011010101101001001001010010010010101010101101010101010101101010101010000101010100100000010000101000101010100000000000000000100001001010101000100000101001000101001000000000
000000000000001000100101000101000001000011010010100101001010010100010010101011101010101010010100100010000000101000010000010100000000000000010000101001000100001000100100001001000010010100010000000000000100100100001000000100000001000100001010010000000001000100100010101010101010101010010101010010101010100101101000101101010101010101001011001010101101010101101010101010010101010101101011011101011010101010101010101011110101011011010110101010101010010010000100100100101010101000101010111110100100100100101000000010000101000010000010000000000001001010010010010100100000010000001010010100101000010000000000
000000000010100100100010010000101010010100010000010010100100101001010100010101010010001010001001001000010100000000000010000000010000010010000100000000000001010100010010100000010000100101000101010101000001000000100010010001001000000001000000000100100100010000001001001001001001010101010101010110101010101010010110101101101010101010101010110101010011010101010101010101101010101010011010101010101010101010101010110100101011010101010101010101010101001001010010101010101010100101010101010101011010010010100010100000100000010000100000100100101000000000100000000000001001000101010000000001000100100000000000
000000000001001010101001010101000100010001010010101000101001000100100010100101001010110100100010010101000001010100100000100001000001000000010001000101001000100001001000001001000010001000010000000000010100000010000001001010000010001000010101010000000001000101010010101010101010101010101010101010101010101010100101010111010111010010101010101010101101010101010101110101001010110101101101101010101010101010110101110111101110101010101011110100101000010100101001001001001010101010100101011011010101010101001001001010010101000010001010000000000000010010000101010010100010001001001010101010101001000000000000
000000000001010000100100000000100010100100010100100101010010010010010100010010110010001010001000100010010100100000000100001000001000001000000100100000000010001010100100000000010001001010000101001001000001010000010100100100100000100000001000000010010000010000010100100101010101010101010101010101011010010101011001001010101011011101010101010101010010110110101010010101010101101010011011010101010101010101010101010100101011011011101101010101001010100001010010010101010101010101010101101101010010101010010010010000001000001000000000100100100101000000100000001000000100100000010001010000010001010000000000
000000000010100101001010101010010100010010100000010010100101010100100001010101001010100101001101001001000001001001000000000000100000100001010010010010101000100101110001010010001000100001010000100100000100000100000000010010001010000010100000001000000001000010100001010100100101010100100101010101010010100100100101010101111010100101010100101110110101011010110101101010110101010101101010101010101010101010101011011011011101010110010101110101010100010101010100100010010100101001010101010101010101010101101001000100100000100010100100000000000000100010000010100001010010010101001010000101001010000000000000
000000000001001010010000010010000001001000101010100100101000001001010101010101101001010110100010101010010100010000010001001000000100000100000001000001000000001001001010001000000010001010000100000001001000100001001010000100000000100000001010000010101010010100010100101010010010101010101010101010101010101011010100110101001101011010101010101001010101011111101010010101001101011010010101101010101011010110101101010110110110101010101010101101010010001011010010010100101010010110101010110101001010101010010000100000000100000000000001010010010000001000101000010100000000101000010001001001000001000000000000
000000000000010000100101001000101010100010010000001001000101010010001010100010010101001010101010100100100001001010000000000010010000010000001010100100101010100100100100100000101000100010010001010100000000001000000000010000010100010010000000010000000000100001010001001001010101010101010101010100100100010100010101010101101011010101010101010111010101011010110101110101101010110101010101010101010100101010101011011011101101110101011101110010101001010010101001000010100001101001010101010101010100101001001010000101010000010101001000000000000100100010000001000000100101000101010100100100101010000000000000
000000000001001010001000100101000010010101001011010010101001001001010001010101011001010001010000010111001010000100001001000001000010000010000010001010000000000010010001000100000000001001001000000001010010000010010010000100000001000000100100100000100100001010001010101010101010101010101010100101001010101010101010101010110100101001001010101000110110110110101010101010101010101010101010101010101010101011010101101010111010101011100101010100100100101111010100101000010101000101011010010101010111010100010100100000000101000000010010001001000000000000101000010100001000101000100010100010010101000000000000
000000000001010000100101001000101001001000010000000100010110100100101010101001010101000110100110101000100000101001000000010100001000010000101000010001001001010100101000010000010010100100100010010100001000010000000000010000100100000010000000000010000001010101010001010010010110101001010101010100101001010010100101001010100010110101010101001011001010101110101101010111110101010101100101010101010101010100111101010111101111101101011101010101101010101010010101000010100000101010110101010101010101010001010010000101010000000010000000100000000100101010000010100000100001000010101001010100100000000000000000
000000000000001010010000100010001000010010100101010001001001001010010100100101001001000100010001001010001010010000010000000000100001000100000010100101000100000001001000000101000000000010000100000010000010001001001000000010000000100000100101001000010100011010010100101010110101101010101010101010010100010100101010101010101010101010101010010101010101010101100101010010010101010101010101010100101010101011001010110101111010110010101010101010010101010101001000101000101010010010101010010101010101010100010010100010000101010000100100000100100001000000100100001010001010010100100010000001001010000000000000
000000000000100100100101001001010001000100010010001010100100100001001010011000110101010010101010101001010001000101000010010010000000000000100000010100010001001010010010010000000010010100010000101000101000000000000001010000010010000100000000000001000001000100100010101001010110101010101010101001010101101001010101011010010101010110101010101010110100101101010101010110101010101010010101010101010101011010101010101111101101101110110101010110101010101010110110000101001000101010101010101010101011100101000100001001010000000010000000010000000100010010010000010000100000100101001100101010001000000000000000
000000000000001001001000101001001010010010100100100101010010010100100100100101001010101010101010010010000100010100010000000100010100101000001010100101000100100001001000000101010000100010100101001001000010100100100000000000000000010001001001001000010010010000010101010100101001010101001001001010100100010101010100101010101010101011010100100101001010101010101010101001010101000101101001010101001010101010110101110101110110101001010110101001010100100100100101010000010010000010101001010100101110001000100010000100000100100100101010000010010000000000001010001010001001001010010010010001010010000000000000
000000000000100010010101000100010001001000010010010000001001010001010011001010110101010101001000100101010001000001000001010010000000000001000100010000101001000100010110100000001010000100010000000100001000000000000010000010100101000000000000000001000001000101000001001001010101001010101010101001001010100100101011011010101001010110101001010101010101010101010101010110101010101001010101010101010101101010101010101111011011010101010101010101010101010101001001000101001000101010010010100101010101100010011000010010010000000000000000010001000000101001010000100000000100010101001001101010001000000000000000
000000000000010100100000101001001000010010100100101010100100100100001001010101000101110101010110011000000100010100010100000001001001010000010001000101000101010010100001001010000000100010000101000010000010010010010000101000000000001001001010010000001000010000101010101010010110101010101010100101010010101010100100101010101010101010101010001010101001001010101010010010101010101010101010101010101010101101010110110101110101101110101010101010101010010010101010101000000010010001100101010010101010101010100101001000100100100101000100000000010010000010001010001010101001001000100100000101000100000000000000
000000000000000001001010100010100010100100010010010000010011010010110010010010011010101010101000100101010001000010100000010010000100000101001000011000001010001000000001000001001010000101010000001001001000000000000100000000100100100100000000000100100010100010000010010100100101010101010100101010010100010101010101010100101010110101010101010100010101010110101010101101010101010101010101001010101101010101101101011011101110101001101101010101010101010101010010101010101000001010001001001010110111010001010100100010000000000000010000100101000000001000100000100000000001001010010010101000101000000000000000
000000000000010100101000010100010100001010100100100101000100010100001001100101010101010101010101001000100000010001000100000100100010100000010100100010100001000101001000100000000000100001001010100010000001001001000001000010000000000000100100100000001000001001010100100011011010101010101010100101001010101001001001010011010101001010010010100101001010101001010010101010101010100101001010101010110101011010110110101101011011010110101101010101010010101000001001000100000101000001010100101010101000101110100100010001010101001010000010000000010100100001001000001001010100010010100100100010010000000000000000
000000000000000010010010100001001000100100010001001000001001010010101010001001001101010101010101011010001001001010000001010001001000000010100001001001010100100100100001000101010010001010010000001000100100000000010100001000001010010010000000000000100100100100100100101100100010101011010101010100101001010110101010010100101010101010101010010101010101010101010101010101010010101010101010100101001010101010101010110101101010111101010101010101010101010101010010101010101000101010000101010101010110101001010101000110000000010000001000001001000010000100100010100100000000100010000101001010000100000000000000
000000000000001001001001001000100010010010100100100101100101001000100100100100101011010101010010100101100101000010100010000100101001010100101010011010001001001001010010010000000100000001001001000010000001001000000000000001000000000000101010010101000001001000000001001001011010101010101010101010100100101001010010101010100101101010010010100101010010101010101010101010101010101010101010101010101011010110101011010111011111010110110101010101010100100101001000010000000100010001010101010101001010101100101001011000101000000100100001000000010000100000001000000001010101001010101000010000101000000000000000
000000000000000000100100101010001001001000010010010010010000100101010010101001010100100101010101010010100100101000001000100010010100000001010000100001010100100000000101000010010000100100100100001000010100000001010001001000001000100100000000000000000100000001010101001010100101010101010100101001010101010010101010100100101010110101001010010100100101010101010101010101010101010101010101010101101101010101010101011010110101010101010110101010010101010100010101100101010001000100100100101001010101010101010001010100010001010000000000000101000010000010100100010100000010010100010010100101100000000000000000
000000000000000100100010000010100100010010001001000100100101010000010001001010001010101010101010010100010010100101010010010010100101010010010010011010000100001010101000010100100100001001010010010010000000100000000100000010000010000001001001000100100001010100010001010101010100101010101010101010010101010101010101010101010110010100100101010101010101010101001010101010101010101001001010101010101010101010101010101101010101101011011011010101001001001001000010001000100100010001010101001010110101010101010110010101000010000100100100100000010100101000010001000001010100100001001000100000010000000000000000
000000000000000010010100101000010001001010100100101001000100101001100100100100101001010101010100101001010100000100101001000000000000001001001010101001011000100000000001000001000000100000101001000001010010000010000000001000010001000100000010010000000100000000100010000010010101010101010101010101010101010110100100101010101010101010101010010010101010101010110101010101000101010101010010101010101101010101101101010110110110101101101100110101010100100101010100100010010001001010000101010101010101010101000000000010001000000000000000010010000000000001000100001010000001001010010010101010100000000000000000
000000000000000001001001001010100100100001010010000100101001000001001010010010100100100101110010100100100010101001000000010101011010010010010000100010000010000001000000100000101001001011010000101010000100010001010010000001000100000000100000100010010001010101010100101010101010101010101010001011010110101010110101001010101010101001010010101010010100100101001010110101010101010100101010110101011010101010110110110101010101010110110110101010100101001000100100001000001010010001010100101010101010110101010101010101000010101001001001000000101010100100100001000001010100010001001001001001000000000000000000
000000000000000100100010010000010010001010001000101001000100101000000001001001001010010101010100101001001001000010001010100000100000001000100011010111101000000100000101000100100100000100110010000000010001000100001000010100010000010010010010000000000100000000010001010101010101001010100101010100011010010101001001010101010101001010100101000101010101010101010101010010101010101001010101010101101010101101010101011011011011101101101101010101001000100101001000100010100001000100100101010100010101011011000100100001001000000000000100001010000000001000000100010100010010100100100010010010001000000000000000
000000000000000001001001000101001001010001010010000100100010010001001010100100100010101001010101001010100100010100101000001010000101001001001000010100000010100001010000100001010001010011001001010010100000000000000010000000000101000000000100010100100001010010100100001010010100110101010100100110100101101010101010101010101010100100010010101010101010010101010101010101010101101010101010101011101010110011001010101010101101101111011010110100101001010010010010001000001000010010001010100111011010100101000101001010000010010101000000000000101010010010100010010010001001000010010100100101000000000000000000
000000000000000000100100101000000101000101000100101001001001001010001000010010010100100010100100100100010010101000100010100000101000001100010101010001010000000100001001010100101010000010100110001000100101001001010000100100100000000010010001000000001010000100010010101010101010101010101001011001011001010101010101010101010101010101010100101001001010101010101010101010100101010101001010101010110101010101011011011101011010110101110101010101010001000100001001010010100101001000010000010100110101010110101000100001001000000000010010010010000001000100010100101000100100001001000010010001000000000000000000
000000000000000010001001000101010001010000101001000100100010010001000101001000100101001001010010101000100001010010010100101001000010100001000100001010100010000001000100010001000100101000101001000010010000010000000100000001001000100000000000010010010000100010001010101010101010101010101010010101010101010101010101001001010100101010101010101010110101010101010101010010101010101010110101010101010101010101010101100110101110111110101101010101001010010010100010000000010000100101000101001010001010101010000011001100010001010010000000100000100100010010000101001010010010100100101000100100010000000000000000
000000000000000000100100010010001010101010000100101001001001000100010010010101010010001010001000101010000101001010100000100100010100010110010101001010000000010100010001001010010010100001010100101000100001000010010010010100000010000100101010000001000001001000101010101010101010101001000101010101001010101010101010010110010101001001001001010101011010101101010101010100101010101010101011011011010101010101010101011010110101101011011010101010010100100100001000100101000010001000010100001010111010101010101000101001000100001000100100001010010001001000101001010101001001001001000101001001000000000000000000
000000000000000000101001001000100000100100100001000010010000101001001001000010001000100010100101000100101001010000001010001001000001001001010010010000101010000001010100100100100100010100101001000010010100010000100000010001001000100001000000101000010100010010010101010101010101010100101001010101010101010101010101101001010101010101010101001010100101010010101010101011010100101011010101010100101010101010101010101101101111010110101010100101000010001001010010000000101001000101000010100101010101010101010010010010100001000000000001000000000100000100001010100100010000110010010001010010000000000000000000
000000000000000001000100100101000101010010010100101001001010100101010100101001010001001010010010010101000010001010110000100100010100100001001000000101000000001000011010101001001001010010101010101000100001000010010101000100100000000100001000000001000010001001000010101101101010101010101010101010101010101101010101001010101001010101010101010101010101010101010101010101010101010100101010101011010101110101010101101010110101011010111010101001010100100100100000101010000010010100001010001010101010101010001000000100010100010101010100000101010001010001010010101010100101000001000100000100000000000000000000
000000000000000000101010010000101000010100100100010010010000010000001010010100100101010000100100100101010000100010001010000010000010010100100101001000001001010010000101000100100010001001000100100010010010010100100000001000010010010001000010001000010000100010101010101010010100100101001010101010101010101010101010101010100110010010101010101010101010101010101010101010010101010101010101010100101010010101010101011011011011011111001010101010010010010001001010000000101000100010100001010101010101000100101001001001000001000000000010100000001000001010001010101000100001010100010010101001000000000000000000
000000000000000000000001001101000001000010010001001001001010100101100001010001010010001010010010010010000010001000100100101010010001010010010010100010100000000000010010010101010100100100101011001000001001000001001010100010101000000100101000100101000010001001001010010101101010101010010010101101010101010110110101010100101001010101010010010101010101010101101010101010100101010101101010101010101010101010101011010110110101111010110101010101001001000100000000010101000101000100001010010101010110101010001000100010000100001001001000001010100010101001010101010111001010001001001000100010000000000000000000
000000000000000000010100000100101010011000100010000010000101001010010100101010001001010000101000100100101001000101010010100010100100100101001000000000001000010010000100101000100101001001010101010101010010010010010001001010001010100000010010000001010001000010010101001010010101001001010101010010101010110101011010010010101010010100101101010101010101010101010101010101010101010110010101010101010101001010101010110101011110110110110101010010100100010010101010000000100000101001010001001010101001010100010010001000100001010000000010100001001000000100100101010100100100100100100101001000000000000000000000
000000000000000000010001010010100001000101001000101001010001010100100010010001010010001010000010001001000010101001001001010100010001001000010101001000100001000000010000010010010100010101001011001000000100001001000100100100100010010101010100101010101010010100101010110101101010101010101010101101110111010101010101010100100101010101010101010101011010101111011010101010101010101010101010101010101001010101010101010101010101101101101010101010010010100100000000101010001010000101001010101010100101010010101001000100100100100010101000000100010010101001001010101011001001010010001000100100000000000000000000
000000000000000000000100100100010100010000010010000100000100100010101010101010100101100010101001010100010000000100100010001010100000100101001000000110000100001001000101001001001001001000101101010101010010100010010001001001001001001010010000010010010000100010100101001010110101010100101010101010010101101011101010101010101001001010101001010100100101010001010101010101010101101101010101011010101010101010101101010101101111011010110101010001001000010001010101000100100010100001000101010101010100100101010100001001000000001000000010010010000000100101010101010100100101001001000101000000000000000000000000
000000000000000000001001001001001000100101001000010001010000010101000100000000010100001000100101001001001001010011001001010000101101010010010010100100010000100000010000000100100100100101001010101010001100010100100100010001000000010010001010010100100010001010010101010101010101010101010101011011011011010110010100100101010101010101001010101011110101010110101010101010110110101010101010100101010101010101011010101101011010110101101010100100100101000101000000010010010100010100101000100101001001001010010100100100001010100000001001001000101010001010010101011001001010010010010100010100000000000000000000
000000000000000000000100010010100101000100100101001000000101001000101010110101000101010110010100010010000010001010011010100101000000010101010100001001000000001010000100100000010001001010101011011010100101000101010010001000010101000101010100000101001000101001101000100110101110101010010010101010101101101010101011010100100101010101010101001010010101010101010101010110101001100101010101011010101010101010101101010101101011011010110101010010010000100000101010001000100010100100100110101010101010001010101010010101000001001010100000010010000100100010101101010100100101000101001001000000000000000000000000
000000000000000000000010100100001000010001000100100010100100101010010001000101010010000101001001001000101000100000100001001010101010100100101011000100100101000001010010001010100100010000101010110101010101010010101010100010100000010100100010101000100001001010101011010101011001001001010110101011011010101101010010010101110100101010010010101010110010101010101010101101010101011010100101010101010101010101011001010101010101010110101010101010100101001010100000100001000100010010010101010101010100101010101000010000100100000000000101000000010010010100100010101010101010010010010100001000000000000000000000
000000000000000000000100001001010101001010010010010000001001010101001010010000101001010110100101010010001000001010010100101000010010010010000100000010001000001000100000100000001001000101010101010101010110001010010101001000010101000010011001010110001010101010101000101011010101010110101010110101101111010101101101010101001010101101010110101011001010101010101010101010101010101010101010101010101010101010110110101011011011101010101010110100101000100100010100001000100010001001001110010101010010010100101010101010100010100101001000010101010001001010101010110001000100101001000010100000000000000000000000
000000000000000000000010100100100010001000101001001010100100001010010001010101000010001000101000101000000010100000100001000010101001010100101001001000100100100110001010000010100010001001001101111010101001110000100001010001010000001010100101001010101001010101010110101101010101010101011010101111011010101010010010010010010101010101010101010101010101011010110101010101010101010101010101010101100100101011011010101100101010110101010101001001010010010001000001010010001001010100101010101010101010101011001001000101101000010000100001010000001010010101010101010100101001000101010100001000000000000000000000
000000000000000000000000101001001000100010000100100000001001010100101010001010101001010101010010001010100000001000001000010000100101000101010010100010000000000010100100101000001000100010010101001010101010001010101101010010000101010101010101010001010100100101101001010101101010101010101110110101101101101001010101010101010101010101101010101100101011010111001010101010101010101010111010101010010101011010100101010011010101101101010100100010001001001000101000001000100100000010010101010101100101010010010001011001000010000100001000000100100001001001010010101010010100100001000001000000000000000000000000
000000000000000000000010000100100101000100101000100110100101010101001000100101000100100110001010101000010100100010100010100101000100101010001010010000000100101000010010100000100010010100101010110101010101010001000010101001001000000001010010010110101010101010101011011011010101101101110101101010011011010110101010101010101010101011011101010101101010101001011101010101101010101001001010110010101001010101011010101010011011010111010010101001010100100101000010100001001001010100101010010101001010100010101010010010001001010000100101010010000100101010101011010001010010001010010100010000000000000000000000
000000000000000000000000100001001000101010010010010000010001001010010101000000101010001001010010010010100001000000001001001001010001001001010001001010100001000010001000010100010000100101001010101010010011010100101010100010010010101010101011010010101010101101010101011010110101010110101010101011101010101001001001010101010101010101010101010101011010101010110110111010101010101010110101001010101010101010100101101011101010101001101010100100010001000000010000010100010010000010010100101010110101001010101010101010100100001010001000000100101001000101001101010100100100100100100010000000000000000000000000
000000000000000000000000010100100001000001000101000101000000110001001000101100010000100101001001001001000100010100100001010010000100100101001010010000000100101001010001000101001010001001010100111010101010110101010101011001000001000101010100101010101010101010101101010101101101011010101011011010110110101010101010100101010101011010111010101010101010101011010101100101010101010101100101010100101010101010110101010101010101010110010101010101001010001010100101000001000000101010101001010101001001010110010010010101001001010000100001010010000100101010101010100010101010010101001001010000000000000000000000
000000000000000000000001000100010100101000100010010000010100001101010010000010001010101001000100100000101000000001001110001001010010001000100100100100100000010101010010010000000010100101010101010101010011001010000100100100010100101010001010101010101010101101110110110101010101101111011010101011011001010101010101011010101010101101001010101010101010101101110101010111001010101010011000101010100101010101010101010101010101101010101010001001000100100000010000101010010100000001010110101010101010101100101000101010010010010101001000000000100001010010101010010100100001000010010000100000000000000000000000
000000000000000000000000010010100001000101001001001010010001010000100100101010010001000010010010001010010010100100000000010100100101010010001010010000000101001001001000000001010100010101001010101110101010101010101010101011000010100101010101010010101010101011010101101010101010101010110110101111010110101010101010100101010101101010110101010101010101010110101010101010110101010101010011010010101010101010101010101010101010101010101010110100101000010101001010000000000001010101011010101010101010101010001010100100100101000000100101010101001010001010101100100001010101010100100101000000000000000000000000
000000000000000000000000001000010100101000101010010010000100001010101001000000101010101000100100100001000100001001010011000010001000001001001010100101010000000100110010010100000010101010101010101011010101010101010010101001010101011010101010101010101010110101010110101011010110101011011010110100101101101010101010101001011011010110101011101010110101010101010110101101010100100101010101010101010101011010101010101011010101010101101010100100010101000000010010101010101000000101010101010101011010100000100101010010101000101010010000000000010001010010100010010111000100100100100001000000000000000000000000
000000000000000000000000100001010001000101000010100010101000010010010100010101000000000010010100010010010000100000000001010101010010100010010001001001000101010001001001000010101001000100101010101110111010101010101001001010101010100101010110101010110101010101101011010110111101010110101101101011010101011101010101010110101010110110101010101011010110101011010101011001101010101010101010101001001010101101010101010100101010101010101010101001000000010101000100000000000001010100101001010010100101001101000100101010100101000000100101010101000100001010010101001000101001001001001001000000000000000000000000
000000000000000000000000010100001010010010010100010100000101001001010011000000101010100000101001001001010101010100101010010001001010100100100101010101010001000100101000010001001010101010110101011011101011011010101010101001010101101010101010101010101110101110101101011101010101011011110110101101011010110110101010101001110110101101110101011010101010110110101010101010101010010101010010010101010101010101010101010110101101010101011010010101010110100000101010100101001010000101010110101010010101010001010101010001010101010101001000000000101001010010100001010100100100100010010010000000000000000000000000
000000000000000000000000010001010001001000100001010010101000000100101001010101000000010100001100010010010000000000000100101010100010010010001001001010010110010000101101000110100010010001011010101010111100101001010101010110100101010101010110101010110101011011011010110101101101010110101101101101011011010101101010101011010101011011101110110101101101010101010101101010110101010100101010101001010010101010101010101010101001010101010101101010010100000101000000010000100000010010101101010101010101001010001010100100101010001001000000101010010010000100010100100001001001001001000100000000000000000000000000
000000000000000000000000000100100100100101001010000101001010101001000100000100101010100001000001001001001010100101000010010001010101001000100100101001010001010010000110101100010100101010100101010111010101010110010101101001010101010101101010101101010110101101101011010110101010101010110110110101101101101010110101010101101011101101011011011101010101010101101010101011001010101101010010101010101001010101010101010101010110111011010100101010101011010000010101000100001010001011010010010001000001010001010001001001010000100100010100000001000000101010101001001101010010010010010000000000000000000000000000
000000000000000000000000000010010010000100001000101000100100000000101001010010000100010010010100100100010001001000001000001010001000100100001010010101001100101000101001010010100001000100101010101010110110101100100101010101001010101010101010101011101101011011010110110101010101101011001101011011010101011011101010010110011010110110101010101011010101101010010101010101011010010010101010100101010101010101010101101010101010100100101101010101010100001001000000010000100001010101101100100100101010100101010101010100010101011001000001010101001010100100000101010001001000100101001010000000000000000000000000
000000000000000000000000001000001000110010100010010010010010110101000100010000101001000101000010001001000101000101000100100010100101010001010010100010100010010100001001001001010101010010010101010101010101010101010010101010110110101010101011011010101010101101011010101001011010110110110110101101110111011110110101011010101010101110101011010101101010110101111010101010100101010101010101010100101010101010101010101010101010101101010011111010010010100010010100000101001000001010010111010000010001001010101010010010101010000100100100000000100000010010101000101010010101001010010000000000000000000000000000
000000000000000000000000000000101010001000001001001000100100000100101001010101000010010001010100010010010100101000001001001001001010010100001010010101010101001001000100110110100101001010101010001101101011010101001010101010100101010101101101101101011101110101110111010110001010101101011010101011011010110101010101010011010101010101101101011011011101101010100101010100101001010101000101010101010010101010101010110101010101010101101010001001010010010100000001010000000100101010110100010101000010101100101010100101010100101010010010010101000101001000100101000100100100010100001000000000000000000000000000
000000000000000000000000000100000100100101010010000101001101010010001010001000010100100100001001001001001001000101010100101010010001001010100101000010010010100010001010100100101001010101010010101010110101101100101001010101010101010110110110110111010110101010101010110101010101010011101101011101010111011011010101010101010110110110111011101101100110101101011010101010101010101001010101010010010101010101010101011011010101010101011010110100001001010001001000001001000001001001001011101000101010101011001001011010101011001000000001000100010010010010001001010010001010100010100000000000000000000000000000
000000000000000000000000000000100010010001001001010100010001001001010000010010100010010010100100100100010010101001000011000100101110100100101000101001001100101100100001001010101010010101010101010011010110101011010101010110101010101010101101101010111011010111011011010101101010101110110101101011101101010101101010101010110101011101101101011010101011011010101101010101010101010010101001001101101010101010101010100101010101010101010101010010100100100100100010100000010100010101010010010001000100100100010101000001100101010001010100001000100100100100100101000100100100010010001000000000000000000000000000
000000000000000000000000000010001001001000100100000101001010010010010101000100001001000100010010100010100101000100101001010001001001010010010101010010010010010010101010101010010101010001001001001101011011101100101001011010101010110110111010111110101101111010110101111010101010110101101111011100110110110110101010101011001010101110101110110101010101100101010101010010101010101010010101010100100100101010101010111010110101101011010110100100010010010100001000010100000001001010101100100100010101010101101000101010011001001000000001010010010010101010010100101001001001000100100000000000000000000000000000
000000000000000000000000000000100010000010010010101000100101001001001010010001010000101001000100001001010101010010000100100101010100101100101001001100101001101001001001001010101010110110010101010010110110010011010101010101010101010101010110101010110101101011010110010110101011011011011010110011101101011010101010101010111011111101010101010101010110101010010101010101010101001001001001010101010101010101010101010101010110101010101010101000100100101001010001000001001001010100100010100000100100101010010010010010101010100101001010000001001001000001001101000010010010101010001000000000000000000000000000
000000000000000000000000000000001001101001001000010010001001010010101001001010001010010010101001010010000010010100100101001001001001000011000110010101010100101010010010101010010001010010100100101010101011110110101001010110101010101011101011101110101101010110111011101010110110110101010111001100101010101010101101011101001010001010110110101010101010010101010010010101010010101010101010101010101010101011011010101010101010110101011010010010010001001010000100011000000010010011010101001010010011001001001010001000100100010000010000101000101010101010010001010101001000000100100000000000000000000000000000
000000000000000000000000000000100100000010010010100100100010001001000100100100010000000100010010100100101001000001001000100100100100110100101001100101000101010100101100101010100110101010101010101001010110010101101010101010101010101010110100101001101011111110101010111101101101101101011010111011011011011110110101010101101101110101010101010100101010101010101010110101010100101010010010010101010101010110101011010101110111010110110010100101001010010101001000100000101000100101001001010000100100101010010100100101001001001001000010000101000010001000101010001000100101010010000000000000000000000000000000
000000000000000000000000000000000001010100001001001001010100100100101001010001000101010101001000101001001010101010010101010001010010101010101000010001010010010010100101000010101010101101010001001010110101101010101101101110101101010101011011010111011010101010110111010111011011011010110101001010101010101011011011010110101010101011110110101010100101010100101001011010101010100101101010101010101010101101010101010110011101101001001101010100100001001000010010101010000110010100100110100100101001010100100010010010010010010000101000101001011000100101000101010010010001001000100000000000000000000000000000
000000000000000000000000000000010010010001100100100010000010010001000010000010010010000000100101010010010100100100100010001010010101010100010101101010010100100100101000101010101010101001010101010101011011010101101011010010101010101101101010111010110111101101101110101101111101110101101110111111010110101010110110111101010101010110101010110101011010101001001010100101010001001010000101010101010101011010101010101101111101010101011001001001001010010101000100100001010001001001001000001001010101001000101001000100100100100010000001000100101010010100101001000100101010010010000000000000000000000000000000
000000000000000000000000000000000100001010010010010100101001001010010100101001000010101001001001001001100010010010101001010010100100010010100100001001001010010101001010101001010100101100100010010010010110101010101110101010111101010111011011001111011010110111011011111011010111011011010101101001110101101110101011010101101101010101011010101010101101001010100101010101010101010010111010101010101010101010111011011011110110101010100110100100100001011010010010010100001010010010101010100110101010100011000010010010010001001000101000010010000001001001001010010010000000100100000000000000000000000000000000
000000000000000000000000000000010010010001001001010001000100100000010001000010001000010010100010100010010101101010010010100100001010100101001001010010110100101001010100100110010010100110101101101100101010110101101010110101000101011010111010111010110110110110111111101111011010110110111011011011011011010101101101010101010101010101010101010101110010101010010101010101001010101010100101010101010101011101010110110110101001010100101001001001010100100100100101101001010000100100100101000100001000010100010100101000100100000010000010100100101010010010010001001001010101001000000000000000000000000000000000
000000000000000000000000000000000000100100010100001010010001001010100100101000000001000100010100101001001001000100101000101011010001010010100100100100000010001010010111010001010100101011010010010010101101001010111011011011110111010111010101010111011011101101101101110101101101101101010101010101010110111011011010110101010110110101010101010101011010101001010101101010101010010010101010101010101010101011010101101010101101010101010100100100101010101010101001010010010101010010010010101001010010100010000010000101000001010001010000010101010001000100101010010010001000100010000000000000000000000000000000
000000000000000000000000000000000101000011000010100000100100101001001000100010100100101000100010011010010100101001000101000000100101000101001010010010101001000100101000101100101010010101010101101010101011110101010110100110001101011101101111011110110110111111111111011110111011110110111011011011011110101010101101010101101101010101011010101010100100100110101010010010010101010101010101010101010101010110111101011011010010101010010101001010010010101010010101010100100000000101010100100010101010101010101001010010001001000100000101010001000100101001001000100100100010001000000000000000000000000000000000
000000000000000000000000000000000010010010010100101010001001000101000101001001000000000010010010000010100010100100101001011010010101011000101010100100100100010011000101010010011010100100101010101010101010101010111010110101110111110101011001110011010111010101011111110111010110101101100101101101101011010101101011010101010101101010110110101010101010101010101010101010101010101010101010101010110111110101010110101101011101010101100101010010100101010101001101011010010101010000100010101001000001010001010100000101010010010001010000100100010010001001010010001001001000010000000000000000000000000000000000
000000000000000000000000000000000000101000100001000001010100101000101000100100100010001001000100101000010101001001010010101010101010100101010100101001001001001000010001010101101010101011010101010101010110110101001101011010010010011011110111011101101110111111111010101101101110110101000101010101011010101101010101010101010101010101010101010101010101010111001001010101010101010101010101010101101010101111010101011010101010101010010101001100101010010100101010101010100100010101010101000100010110010100000001001001000001000010000101001001010100010001000001010010010001010000000000000000000000000000000000
000000000000000000000000000000000010000101001010010100000100000101000100010001000000100000101010001010100001010100100100010001000101010100101010010101010100000010100101001010010101010101001010101010101011010101010110101010101111101101011010101010110101101011010111111011111011101101110101011011010110110101011011101010101010101010101010101010010010100001010100101010011011101010101010101010110111101010111011010101010101001001010010100010101010101010101010010010010001001010001001010001000100100101010010010010010100010100101001010010000010100110010100010100001010010000000000000000000000000000000000
000000000000000000000000000000000000010000001000101001010010101000101001001010001010000101001001010000010100100001001001100101010100101010101001101001001001010101001000101010110101010100101001010101010010111010101010110101010101011011101101111011110110111110111101101110101110110101001010110110111011011011010110110101010101010101010101010101010100101110100101101001010101010101010100101011011010101111100110101010101001010101010100101101010101010101010101010101010100101001010101010010001001010100001000001001000001000000000010000100010100010001010010100001010000100000000000000000000000000000000000
000000000000000000000000000000000000100101010010000100100100000101000101000100100000010000000100100101000101001010010100011010010011010010010100010100101010010100010010010011010010101010010101010101010101101010010110101110110101101101011011010110101101101011101111011111011010101110111111011011011101101101011001001101101011010101010010100100101010101001010010010101101010111010100101010110110101011000111010101010101010101010010101010010101010100101011010101000100101000100100010101000100100101001000010100000100100101010101001010001000001001010000100010100000100100000000000000000000000000000000000
000000000000000000000000000000000000010000000100101001001000101000101010010001000001000010101001001000010000100100010010100010101001010101010101100101010010101010100001001010010100100101010010101010101010101101011011011011001110101011110110111101101011011110110101111010110101101010101010101101101010110110110101011010101100101010101010010101010101010101010101101010010101010101010101010101101010110111010101010101010101010010100101001010101001001010101001000101010100010101001010100010001011010010000100010010010010101000010010100100001010001001010010100010101001000000000000000000000000000000000000
000000000000000000000000000000000000000101001010010100100101000100010001001010010000010000000100100101001010001001001001010101000100101010101010010010010100010010101000010101101010101010010100010010100101110010100110110101101011110110101101101110101101101011011111011011011010110101010101101011010101101101010101101101101010101010010101101010101010101011010101010101010101010110101011101010101101011010101010101010101010010101010010101010101010101010110101010010000010101001001001101001010100100100100001000100000100010010001000001001010001010010001001001000001010000000000000000000000000000000000000
000000000000000000000000000000000000010000010000100101010000010001001010010001000101000010101001001000010000100100100100010010011001010101010010101010101001100101010010100010001010100101101010101010011010011101011101101010101101010110110111011010110011011101110101110110110111010101101110110101011011010101101011011011010101010010101010010110100101010101010100101010101010101010110110101010101011101010101011101010101010101010010101010101010100100101101010010100010100001010010010010010001001010010010100010001010010100000101010100000000100100100100100010001010010000000000000000000000000000000000000
000000000000000000000000000000000000000101010010001000001010100101010010100100100000010100001011010010100101001000001001001001000110010011001010010101010100101010101000001001000100101010010101010101010101101010100101010110110110111011011010110111010110110111011110101101101100101010110101011011010100101110110101010101011010101010101010101001010100101010101011001010101010111101101101010101101010110101010101010101001001010101010010101010100101010100010101010001000010101010101011001001010010001001000010000100001001001000000100010101001001001010001001001010000100000000000000000000000000000000000000
000000000000000000000000000000000000001000001000100010101000010000000100010010010100100000100100001010010010000010100010010101011001010100010100101001010010010101010101010101010001010101101011010010101010101111011010111101101011101101110111011010101111011101101101111011010011010111011011110110111011010101101010101010100101010101010101010101001011011101001010110101010101101011010101011010101101010101010101011010110110101010010100101010101001010011010010101010010100100100100100100100001001010010001001010000100100100010101010100000100000001001010000100100101000000000000000000000000000000000000000
000000000000000000000000000000000000000010101010001100000101000101010001001001000010010101000010101000100101010000010001010010100110101011010101001010101011000100100101000000100100101010011010101010101010101010100110101010110101011011011011110111011011110111111011010101011101110100110101010111010101111010110111010101011010101010101010101010110100101010101010001010111110110110110111010101010101010101010101010101010010100101010101010101010100101010010101000000100010011010011010100001010010100100100010001010000010001001000100010100001010100100000101001001000000000000000000000000000000000000000000
000000000000000000000000000000000000000000000100100010101000101000100010100100101000100000101000100010010000100101001010001010001001010100100101010010100101011010101001010101010101010010100101010101001010101101010110110110101101101110110110101101110110101101010110110110101010101011101111011010110110010110101010101010101011010101010101011010100101010101010100110101100101111010101010101010101010101010101010101010101101011010101010101010100011010100101010010101001001100101010100010101000100100010001000100000101010100100010010100001010001001001010100100100010100000000000000000000000000000000000000
000000000000000000000000000000000000000010010010001001000100010010010100010010010010001010001010010101000101001000010001010001010010010010010010101001010001010101010101001001001001001101010110110101101011010110111010101101110110111011011011011011011101110110111101101101101011011010101010101111101101101011011010101010101010101101010101010101010101010101010011010110101010101101010101010101010010110101010110101010101010100101010101010101010101001011000101001000100100010010100010100000010010101100100010001010001010000010100100010000100100100010000001001000100000000000000000000000000000000000000000
000000000000000000000000000000000000000000100010100100010001001001000001001001000100010000100100000100101000100010100010001010100100101001010101001010001010101011010101010101010101010101011001101010010110101011010101010110101101101101101101110110101011011101110110111011011110110101010101110100110110101010110101010101010101010110101010101010010101010100101101101010101101101010101010101010101101010101010101010101010010101101010110101010010101010001011010010010010101010100110100010101010101010010001000100000100101101101001001001010001001001001010100010001000000000000000000000000000000000000000000
000000000000000000000000000000000000000000010100010010101010010010010100010010101001001010010001001001000101001000001001010100101010100101001001010010100100101100101001010101101010101010100110010101101101110110101010111011011011010110110110101101111101101011011011101101101011010101010110101011011011011011011010111010111010101010100100100101001010101010101011011101010110101010101101010101010010101010101010101010101101010101010101010101001010010100100100100101001010101010010001001010000010000100010000010100010101010010101010010010010010100100000011000100010000000000000000000000000000000000000000
000000000000000000000000000000000000000000010001001000000001000100100001000100100010010000100010000100101000100101010010001001001010010110010010101010010101010010100101010010010101010101011101011011010111001011010111010110110110111011011101110111010110111101101101011011010101101110101010101101101110100101010110101011010101011010101010101010101010101010100101101010110101010101010101010010101010101010010101010101011010110101010101010101010010101010101001001010010001010101001010101000101010101001000101000001100101010101010000101001000100010000101010001000100000000000000000000000000000000000000000
000000000000000000000000000000000000000000001000010010101010010010010100010010010100100101001000100010000100010000001001000100100001001001010101001001010101010100101000101101010101010101100101010100110001110101101010101101011011011010101011011010110111010111011111101101101101011011101101101011011010110110101001010101010101101010101010101001010101010101010101010110101010101011010100101101010101010101101010101010100101001010101101010100101101001001000100101010101010100101010001010101010010010000100000010100011010100100100101000010100010001010000100100010000000000000000000000000000000000000000000
000000000000000000000000000000000000000000000101001000100000101001001001001000100010010010010010000100101001000010100100101001001010010100101010101010100010000101010110100100101010101010010101101011001110101010111010110110110101110111110110110111011010111010111010011011011011101010101011010110110101010101010110101010101010010101010101010110101010101010101101101101101101010011010101010010101010101010100101001010110101011010101010100101010101010100101001010101010100101010001010100010010101000010001010100010010011001010100100010100001000100000101001001001000000000000000000000000000000000000000000
000000000000000000000000000000000000000000010000010010010101000100010010010010010100100100100100010101000100101000010001001010101001100101001010110100010100110101001001001010101001010101101010010101110010110110101101010101101110101010011011011011101111011110101101101101101101011101011010101011011111101101011010101010101101101011010110101011010101010101010101011010101010101100101010010101110101001010101001010110101010110101010101010101010101100010010101010101010011010010101001010101100100101001000000010101001100101010010001000001010010010100001000100100000000000000000000000000000000000000000000
000000000000000000000000000000000000000000000001000100010010010010100100000100100000010010010001000010010010000101000100100100101010001010010101010101101001011001010010101001010101010101010101101010101101010101111001101110110101101101101101010110111010110101110110111010110110110011101101001010101000110101101011011101010101010100101011111100101010101011101010110010101010111010101010101010101010101010101010101010101010101010101010101010110010010101001001001010101100100100100101010100010101000100101001001000110101010001001010010101001001000001010010100100000000000000000000000000000000000000000000
000000000000000000000000000000000000000000001000010010100100101000001001010001010101001001001000010100100100100000100001010010001010101010100100101001001010010010010100101011001010101010101010110101010110110110101110101011011010110110110101111101010110101011011011010101101010101110110010111101111111001010110101000101010101010110111010000011010101011010110101011010110101001010010010101010110101010101010101010101010101010101010100101010101010101000100101011101010011010101010101001010100100101001001010010011001010101010100001001010010010010100001000001000000000000000000000000000000000000000000000
000000000000000000000000000000000000000000000001000000001000100101010010001010000010010010100101000001001000101010010100101001010100100010010010101010010010100101010010100101101001010101000101010110101010101101101010110101010110101010101011010101111101101111101110110111010110101010101101101010101010101010101010110101010101101101101011111110101010110101010110110110101010101010100101001010101010101010101010101010101011101010101010101010001001010010010100101010101010101001001010110101001010100010010000100101010010010101011010010001001001000001010001001000000000000000000000000000000000000000000000
000000000000000000000000000000000000000000000000010101000110010010001001000001011001001001001000101010010010000001000010000100010001001010101001010010101001001001001001010010010101010100110100101010101101010101011011010110101010110110110101101111010110110101110101101010110101110101111010101011010111010101010101010101011011010101010101010100110101010110101101101101011010101010101010101010101010010101010101010101011010010101010101010101010100101010100101010010101010100101010100010010010101101001001010101010101001010010000100100100100010010000100100010000000000000000000000000000000000000000000000
000000000000000000000000000000000000000000000010000100010001001010100100101010000010010010100101010001001001010100010100101010100100101010001010010101010010101010110010010100110101010101001010101010110010110101110101010101011010101101010110110101101101011010101111011011011011101101010110101010011010101101010101010110110101101010101101101010101010101111110101111011100101010101010101010101011010101010010101010101010110101010101010101010100101000101001010101101010101001010010101101010101001001001010010010001001010101001010010010010010100001010010010100000000000000000000000000000000000000000000000
000000000000000000000000000000000000000000000000010001000100100001010001000100101001001001001000001010100010001001000001000001001001000101010010101001001001001001001100101010010010010101010101010101101101011010101101101010101010110110101101011011011011101101101010101101101101010110101010110101110110110110101010111011010110101110101010110110101101010101111011001010101010101010101010110101010101010101101010101010101001010101010101010101010101010010100101010010101010100101010010010100101010000100010101001010101001000110010001000100100010100101000100001000000000000000000000000000000000000000000000
000000000000000000000000000000000000000000000000000100001000010100100010010001000100010010010010100100001000100100010100010100100010001000100100100100101010101010010010010001101101101001010101010110011011010110101010101011010101010101011010110101110110110110110111110111010110111011011011010111011010110101110111100110101101010001010101001101101011110101001101010101010101010101010101001010101010101010010101010101010110101010101010100100101010010110101001010101010010101010101101101010010100101001001000100101001010011001001010001001000100010100001000100000000000000000000000000000000000000000000000
000000000000000000000000000000000000000000000000000001010010100010010100100100100010010101001001001010100100010001000010100101010100100100101010101011001001001010101010101010001000110100101010110101101010101011010101010101010101010101101111011011011011011011011101011010111011010110101101101010101101101010101010011011010010101101101010110011011100101010110110101010101101010101010101010101010101010010101010101010101001010101010010010101000101001000010101010100101010101001010010101001010010010101010101010010101010100010010000100101010010000100100100000000000000000000000000000000000000000000000000
000000000000000000000000000000000000000000000000010100000100010100010010010010010100100100010010010001010001000100101001001000100000010010010010101001001010010100010100100101101011001010100101101010101010111010110101101010101101010101011001010110110110101101101101101011010110110101101011010110101010101101011101101101010101010101001010101101010011110110101001010110010101010101010101010101010101101010101010101010101010101001001010101001011010110101100101010101010101010110101101010010010101010100100100101001010010101001000101001000000100101010010010010000000000000000000000000000000000000000000000
000000000000000000000000000000000000000000000000000010100001000101001001001000100010001001000100101010001001001001000100010011001010101001001000010100100101010101100101000100010100110101110100010101010110101010101010010101101010101010101011010101011011010110110110111101111011001011011101011011010101010110100110110101101110110101110101110101011110101010101011010101010101010110101101011011010101010101010101010101010101010101010101010101010010001010010101010101001010100101101010101010101010010010010101000110101010010100100001010010101000100001000100100000000000000000000000000000000000000000000000
000000000000000000000000000000000000000000000000000000000100010010100100100010001001010010010001000100100100100000010000100100010100010010010101101010101010100000101010101010101010100101001011010101101110110110101010110110110110110101010101011111110101111011011011010110100110110110110110110101011010101001011001101011010101001110101011011110111011011010101010101110101010101101011011101010101010101010010101010101110101010010101001001010100101010100101010110101010101010100110001010101010100100101001001010100101010100001001010001001000001000100010001000000000000000000000000000000000000000000000000
000000000000000000000000000000000000000000000000000001010001001010001001001000100010000100101010010010001000010010000101001010100010100100100100010010100001011010010001001101010101010101101010101010110111001011010101010111011101101011010110110010101101010110110110110101011011111010101011010101010110101010101110111101011010110101011101010001001101010101010101010010100101010110101010101010110101010101010101001010001010101001010110100100101010101001001010100101010101010111001101001001011011010010110100101010010100101010010010100010010100101001001000000000000000000000000000000000000000000000000000
000000000000000000000000000000000000000000000000000000000100100101101010010010010100010001000001001001010001001000010000010001001001001011001001010101001110001101101010010000101010010110010101011010101000111100101010101101101011101010101101101110110110111101111101101111101110010101111010101101101101010101010011110101101011011011110011010101101010101010101010101101011101011001011010101011010110101010101010101010110101001010010100101010101010100101010101010101010110101001010010110010101000100101010001010001010101001000100100010100010010000010010010000000000000000000000000000000000000000000000000
000000000000000000000000000000000000000000000000000010100001000100010100101001000001001000101101000010001010010101000101001000010010010001010010101010101001100100010010100110010101010101101101010101011111010101010101011011011010111010101011011011011011010110101010110101011010111110101110110110101010101011101101011010011010101010101010101010101010101010101101010010100101010110101011010101010101001010100100101010101010101010101010010010010010101001001001010101001001010101010101001101101010010010001100100110010010100101010010100001000100101000100000000000000000000000000000000000000000000000000000
000000000000000000000000000000000000000000000000000000010100010001001010000100010100100101000000101000100001000000010000100010100100100100100101010101010010011101100101001010101010101011010101010101101000101010101010101110110111010101010101010110101101111101101111011010110101101001011011011010111011011101011010101101101011011010101010010101010101010101010010101100101010101001010101011101010100110100101001100101010010101001010010101101010100101010010101010101011010100101010101010101010101010101010010101000101010010010000100010100101001000100100100000000000000000000000000000000000000000000000000
000000000000000000000000000000000000000000000000000000000001000100100101010001000010001000010100001010010010010101000100010100001001001010010000100010101101100100101000100101010010010100101011010101010111101011010101011011011010111110101010110101110110101011011010101011011110111111101101101111011101100101010101101010100101010101010100101010101010011010110101010101010101010110101110100101001011001011010101010100101100010101010101010101010010101010101010101010100101010101010101010010101001010001001001000110010100100100101001001001000010010001001000000000000000000000000000000000000000000000000000
000000000000000000000000000000000000000000000000000000000100010010001000000010001000100001010001010000101001001000001000100001010000100100100101001010010010101001010010101001000101101011010100010101010100010110101010111110110111101001010111010110101101110110110111011101101011101001011011011010101010011010110110101011010101010101010010101001001001100101010101010101010101010101011001011010111010101010001010101010101001101010100100101010101010100101010010001010101010101001010101010110110010010101010010101001001001010010010010010010001001010010000000000000000000000000000000000000000000000000000000
000000000000000000000000000000000000000000000000000000000001000001010011010100100101001000001000001010000100000010100010010100001010001001010010101011010101010100100100010010101010011010101011011010110111101010101010101011011101011101010101101010110110101101101101101011011010111110101101101011110111010101011010101101011101101010101010100110101010101010101010101010101001001010101010100101000101010010101001010101010100010010101010100101001010010101010101101010110101101010101010101011001010100010101100101010100101001001001000100100100100000100000000000000000000000000000000000000000000000000000000
000000000000000000000000000000000000000000000000000000000010010100001001001000100100000101010010100100101001001010001001000001010001010010000100010100101001000001001001100101010100100101010100100101011010111011011010110110110101110101010101011011011010111011011010110110110110110101111011010101010100110110110101010101101010011001010101010101010101010101010101010101010101010010101010101101011010101010101010100100101001010111010101010101010010101010101010010010010101010101010101010101010101010101010010010010001010100100100101001000101001000100000000000000000000000000000000000000000000000000000000
000000000000000000000000000000000000000000000000000000000000000010100100100101001010101000100100100010000100100001010010010100100100001001010011001010101010011010100100010100101010101011010111011011010101010101010101011010111110101010101010110101101101101101101111011011011011001110010101101010110101101010101010101010110101100110101010101010101010100101010100101010101010101010101010101010101010010101001010101010010101010100010101011010101010101001010100101010101011010101010110101010100100100100101001001010100100010010010000010010000100010000000000000000000000000000000000000000000000000000000000
000000000000000000000000000000000000000000000000000000001000101000001001001000100000100001001001001000101001001010001001001001000010100100100100010100100010100101001010101001001010101010101001010110101011011010101010100110101011011010101011010110101011011011110101101101101010110101110101011111011011011010101011010101001010011001001010101010101010101010010010101001011001010100100101010101010010101010101001001001001010100101101010101010100101001011010101001010101010101010101001001011010101001010100010010010010101000100001010100100101001001000000000000000000000000000000000000000000000000000000000
000000000000000000000000000000000000000000000000000000000000000010100010100101001010001010010101010101000100010001000100000010010100010010010101000101010100101010101010101010101010101001010101010101011010110110101010101101101010110101010101011010110110101101011010110101011010110110101011010010100101101101110101010101010101001101010101010100101010101010101010100100100101010101010101010101010101001001010100101010101001010101010101010010010010101010100101010101010101010101010110110100101001010010010101010101010010101001010001001001000100110000000000000000000000000000000000000000000000000000000000
000000000000000000000000000000000000000000000000000000000010010100000100001000010000101001000010010100010010100100101001010100010001010100101001010010101001001000100100101010100100100110010101101010110111011010110110101011011111101011010101010110101101011011010110101010101010101010101010101101011011010101001010101010101001010010101010101001010110101010101001001011011010101101010100101010101010101010101011010101010100101010010101010100101101010101001001010010101101101010101010101011010101010100101001001010010100100010100010000100001000000000000000000000000000000000000000000000000000000000000000
000000000000000000000000000000000000000000000000000000000000000001010010101010001010000010010100100101001000100010000100100010101010001001000100101001001010100101010010100100010010110010101010011011001101101101010101010100101010101010101010110101101011101010101101101111010101011011011101101011010101101010110100101010010101010101010101010111010110101001010101011010101010101010100101001001010100101010100100101010100101001010110110101011010101010100101100101010101010011101101010101101010101001010100101010100101001001000010001010001010010100000000000000000000000000000000000000000000000000000000000
000000000000000000000000000000000000000000000000000000000000000100001000010001010000101001001001001000110010101000010010001001001000100100101001000101010010010100101101001010101010010101011010101010110010101010111010110101101010101010101101101010110110101010111011011001011110101010110010101010101110110101010101010101010101011010101010101001011010101010101010101010010101011001010101011101010101010101001010101001001010010101101101010100100100101001010101001010110101100101010101011010101010010100101010110101010101010101001010001010010001000000000000000000000000000000000000000000000000000000000000
000000000000000000000000000000000000000000000000000000000000100001000010100100001010000000100100101010001000010101001000100000100101001001000101010100101101001010010010101010101010101010010010101010101101110101010110101010010110101010110110101101011010110101010100101110101011111101001010110101010101011010101101001011010101010101010110101010101010101010101001010101010010101100101010101010101010100100110101010101010010101010011010101011010101010110101010100101001011011010101010101011011001101010101010100010100010000010010000100000100010000000000000000000000000000000000000000000000000000000000000
000000000000000000000000000000000000000000000000000000000000000100010100001001010001001010010001000100100101100001001001000010010100100100101000100101010010101010100101001001001001010101010101010101011011011011010101010101110101010101010101011010101011011011011011011011011010010010111110101010101101101010101010110101010101010101010101101111010101010101010010101001010101010101010101010101010101010101001001001001010101010101101011010100101010101000101001010101011101110101011010110101010101001010101010010101010100101001001010010101000010000000000000000000000000000000000000000000000000000000000000
000000000000000000000000000000000000000000000000000000000000000001000001000101001000100000100101010010010010001010100100010100100010001001000101001001001001010101010010100100110101001001010100100101010110101101011011101010010101101010101011010111011101010101101110110110110110110110100010110101010110101101010101101010101010101000101010101010111010101010101010010110101010101010100101010100101000101010101010101010101010101010101010010011010101001010101010101001010010011010101010101010100101010101001001010100010101001010010001001000010100000000000000000000000000000000000000000000000000000000000000
000000000000000000000000000000000000000000000000000000000000000100000100101000010010001010001001000100101001010100001000100000010101010010011000100100101010010100010100010101001001010010100101010101011011010101101010110101010101010101011101011010110110111110110101101010101011011011011010101111011011010101101101010101010101010011010101010101010101010101010101010001010100101010101010010010101010100101010101010100101010010101010101010100101010110101010101001010101101110110101101101101011010101011010010101010101000010001001010010001001000000000000000000000000000000000000000000000000000000000000000
000000000000000000000000000000000000000000000000000000000000000000101000001010100100100000100001010010010010000010100010001001000001000101000101001010100100100101001010100010101010101010101001010101010110101010101101010110101010101010110101101010101011010101101111010101101101101101010110110010110101110101010101010110110110101010010101010101010100101010101010101010100101010010101001010101010101010101010010010101000101010100101010101010101001001011010101010101010101001001010110101010101010110100101101010101000101010100100001000100010000000000000000000000000000000000000000000000000000000000000000
000000000000000000000000000000000000000000000000000000000000000010010001010000001001001010010100100100100100110100001000100100010100101000101000101001001001001001010001001100101010110010010101001001011010101101010101010101101010101101001011010111010101011011011001101110111011010110101101001010101111010111010101010010101010101010101010101010101011010101001001000100101010100101010110101001010010010100101010101010101010101010101010101001010010101010101010101010101010110110110101010101010101010101010100100100101001000101001010010000100000000000000000000000000000000000000000000000000000000000000000
000000000000000000000000000000000000000000000000000000000000000000001010000101010010010001001000010010010001000101000010000001000101010010000101001001010101010100100100101010101001001010100101010110110101010101101011111010110101010110110101011010111010101101100110110101010101101011111010111111101010110101101010101101010101010101010101010101010100101010101010110101010100101010010101001010101001101011001001010010101010101010100101010110101010101010101010101010111011001010101010111010110110100101000011011010100100101000000100100101000000000000000000000000000000000000000000000000000000000000000000
000000000000000000000000000000000000000000000000000000000000000000100000010010001001000100100101001100100100101000010100010100100010000101010010100101001001001001010101010001001010010100101010101011011010101010101101000110101011101010101110110101101101110101011101001110110101011100101011010101011010101010010111011010110101011010101010110101011011010101010100101010101001010100101010011010101010010100101010101010010010010010101010101010100101001010101010101010100101011101011011100101101100101010101100100010001001010101010010000010000000000000000000000000000000000000000000000000000000000000000000
000000000000000000000000000000000000000000000000000000000000000000001010001000100100101001001001000010010010000110000001000000001000101000010100101001010100101010001001001100110010100101010101010101101011011011010110111101101100101011010101010110101011010101010101101011011011010111011101101101101101011101101010101010101011101010110101010110101010110101010101001010100101001010010010100100101010101010100101001001010101010101010101010010010010100101001001001010111010101010101010101010010010010101010101010101010100010000001000101000000000000000000000000000000000000000000000000000000000000000000000
000000000000000000000000000000000000000000000000000000000000000000000000100010010000100100100100010100100100110000101010010101010010010010100100100101001001010001100101010001001010101001010010101010101010101101101001010101011011110110101101110101101101011011010010101100110101010101101010110101010101010010010101010101011010011011010101010101010101010101010101010101010101010010101010101001010010100100010100100101010101010101010100101101010100101010101010101010101010110101110110101101110101010101101010101001001001100101010010000010000000000000000000000000000000000000000000000000000000000000000000
000000000000000000000000000000000000000000000000000000000000000000000010010001001010001001000010001001010001010101000000100000000100100100100010010010100101001010010010101101010101010110010101010111010101010010011110101101101010101010110110101010110111010110110101010111010101101010110110101101110101101101101010110110101011101101010101010101010101010101010101001001010010101010100100100101001010010101010010101001001010101001010101010010101010010010101010101010101011011010111010101011001010010101010101001010100110001000100001000100000000000000000000000000000000000000000000000000000000000000000000
000000000000000000000000000000000000000000000000000000000000000000000000000100100100100100101000100010010101001000101101000101001001001001010100101001001000101001010100010010101110101000100101011010101010101111110101110110101101011011010101011110101101011010101110101010110101011101011110110110101110010101010101011001101010110110110110110101101101101011010101010101001010101010101001010101010100100100101010100101010100101010101010101010010001010101001001010101010110101101100101110101010100110100100100110010010101010001000100001000000000000000000000000000000000000000000000000000000000000000000000
000000000000000000000000000000000000000000000000000000000000000000000010100001000010000010001010010100100000100101000000101000010010010100101010001010010101000100100101001001001001010110101010101010101010101010010101011010110111101101011011101011010110110111101011011011101110110110101011011011110101110101010101010110101101011011010101001010110101010101101010101010101011010101001010010010101010101010101100101010101011010101010101010101010100100100101010101010110101110111011010101010101001010101011001001010100000100100010001000000000000000000000000000000000000000000000000000000000000000000000000
000000000000000000000000000000000000000000000000000000000000000000000000010100010100101010010000100001001010010100101011000001000001001001010001010100100010010101001001010101010010101001010101011010101010101101101101101101101001011010101101010101101101011010010110110110110101101011011010101010101011010101010101010101010101010110101010110101001101010101010101010101010100101010101010101010101010101001010010100100010100101010100100101010101010101010101010101101101111011010101011010101010101101001010010101010010110010001000100010000000000000000000000000000000000000000000000000000000000000000000000
000000000000000000000000000000000000000000000000000000000000000000000000000010001001000001001010010100100100100010010000010100010100000101001010010010010100101001010100100100101101010110101011101011010101011011011010101011011110101111010101101110110111010101101011010101101010101010101101010110101101010101010101010110110101111010110101001010101010101101011010101010101010101010101010101010100101010100100101010101010101001010010101001010101001010010101010101010101011011010101010101010101010010110100101000100101001001000010000100000000000000000000000000000000000000000000000000000000000000000000000
000000000000000000000000000000000000000000000000000000000000000000000000001000100100101010010001001001001001010100100101000000100001010010100100101010101010010010000001001001010010010101010110110101010101010101010110101101010101110010110110110101101000110111011010101101011101010110110101010101101011010101010101010101010101010110101010101010011010101010101010101010101010101010101010110101011010101010101010101010101010110100101010101010101010100110100101010110111101101011010101010101010101101010010100101010100100100010100100000000000000000000000000000000000000000000000000000000000000000000000000
000000000000000000000000000000000000000000000000000000000000000000000000000100000100001001001010000100100100010101010101010100010100001000010010101001000010101010101101010101001010101010110101010110100101101110101011011011010101011101011010101011011111011010101101110110110101101011011010101010110101101010101010101010101010101010101010101001010101010101010101110110101101010101010101010101010101010101010101010101010101001011010101010101010101011001010101010101111110110100101101101010100101010010100101010001001000010001000001000000000000000000000000000000000000000000000000000000000000000000000000
000000000000000000000000000000000000000000000000000000000000000000000000000001010010100010010001010010010010100010100010010001000001010010101010010010001101010001010100100101010010101010101011010101011011010101110110110110111101101011010101011101101010110101111010101101101111010101010110110101001101010101010101010010101101110101010101011011101010101010101011010101010101101010101010101010101010110101010101010101010101010101001010101010010010100101010101010110101011011011010110101101101010101001001001000110010010100010001000000000000000000000000000000000000000000000000000000000000000000000000000
000000000000000000000000000000000000000000000000000000000000000000000000000000000001010100101000100101001000101001001001010100010100010000010010100100100100101100100010101001010110101010110110110100100100101010101010101011001010101101101110101011011011011010101101101010110101110101010101010101110010101010101010101010101011011010101001000100110101110101011010101011101010101010101010101010101101010101001010101010101010100010101001010101010101011010101010101011111100101010110101101010110101001010010010011001010100001000100010000000000000000000000000000000000000000000000000000000000000000000000000
000000000000000000000000000000000000000000000000000000000000000000000000000010010100000010000101001000010010010010010100100010100001001010100101001001010010100001001010010010101010101010101101010101011011010111011011010110110101011010101010111101101101010111010101101101101010101101010101101110010110101001010101010110010110101011101010101011001010010110101010101010110101010101010101010111010101010101010100100101010100101100101010101010101010100101010101010110101011110110101011010110101010100100100101010010010001001001001000000000000000000000000000000000000000000000000000000000000000000000000000
000000000000000000000000000000000000000000000000000000000000000000000000000000100010101010101000100101001001001010101010011000010100010000010100010100100100010101010001001010010001010101010101010101000101011010101110111011101110101011010111001110110111111010110101010110101101010111010110101010101010101010101010101001011011110101010101101010110101010101010101010101101010101010101010101000101010010010101010101001010101010010101010010100101010101010101010111101010101001010110110110101010101001010010101001001010010010010001000000000000000000000000000000000000000000000000000000000000000000000000000
000000000000000000000000000000000000000000000000000000000000000000000000000000001000000000000101010010100010010100100100100010100001001010100010100001001010101001010101010100101010101010110101101010101110101010111010101101011010101010111010110101101101010111101110111101010110111010101101101010101010101010101010101010101010101010101001010010101010101010101010101010101010101010101010101010100101010101010010010101010101010101010101010101010010101010101010101010110110110101101101011011010100101001010101010101000000100000100000000000000000000000000000000000000000000000000000000000000000000000000000
000000000000000000000000000000000000000000000000000000000000000000000000000000001001010101010010101000010100100010010101010100010100100100010100101010010001010100100100100101010101010101101010010101010010101101010111010101110111010101010111011011010101101100110101100101010101101010101011010110101010100101010100010101010101011010101010101001010101010101010101010100101010101010101010101010101010010100101010101010001010101010100101001010101101011010110101101010101010101010101010110101010001010101010100100010010100101100000000000000000000000000000000000000000000000000000000000000000000000000000000
000000000000000000000000000000000000000000000000000000000000000000000000000000100100100001001001000100101001001010100010100101010010010001001001001001010100101001001011001010010010010101010101010100101101010101101011011011001100101101101010101111101111011011011011011101110110101010101010110101101011010101010010101010101010100101010101010110101010101010101001010101001010101010010101010101010101101001001010100101010100100100101010010101010010101001101011010101010101011010101101101010101010100101010101001000100001000001000000000000000000000000000000000000000000000000000000000000000000000000000000
000000000000000000000000000000000000000000000000000000000000000000000000000000000000010100100100110010001010010001011001010010100100100100100100100100100010010101010001010101010101010101010101010101010101011101111010110101011011010101011011110101011010110110110110101010101010101010101101010100110100101010101011001010101010101011010010101010110101010101010110100101101010101001001010101010101010010110101010011010101010101010010101101001011101010110101010101010101011010110110110101010010001010101010100010010001010000010000000000000000000000000000000000000000000000000000000000000000000000000000000
000000000000000000000000000000000000000000000000000000000000000000000000000000000001001001001001000100100000100100100101010100101001001001001001001001001010100010010101010100101010101110101001010101010101101010010101101101101010110101010110011010110111011011101010110101010101011101010101101011001010101010010100010100101001010101010101001010101010111101010101001010010101010101010010010101010100101000101010100101010101001010101010001010100001010101010101010101011010101101011010100101001010101010101010100100010000100100000000000000000000000000000000000000000000000000000000000000000000000000000000
000000000000000000000000000000000000000000000000000000000000000000000000000000000000000100100100101010010101001001001010010101010101010100100101010010101001010101001001001010100101010101010101010101010101011010101110110110010110101010101011010111010101101101011101011110101011100101101011010100101010100101001011010010010101001001001001010101010110101010100101010010100010010010010101010101010101010110100100110101010010101010100101010010011010101010101101010101010101010110110111010100101010010101000010010001000000001000000000000000000000000000000000000000000000000000000000000000000000000000000000
000000000000000000000000000000000000000000000000000000000000000000000000000000000000010010010101010101010010010010010001010100100100100010101010100101010101000100010101010101001010101010101010101010101010101101110101010101010101010101010101010101011101010101101010101001111101011011010110101011010010101001010100101010101001010101010010010101010101101010101010010101001100100100101001010101001010101001010101001010101010100100101000100100101010101010110101101010101010110101101100101010101010110100101010000100001010010000000000000000000000000000000000000000000000000000000000000000000000000000000000
000000000000000000000000000000000000000000000000000000000000000000000000000000000000100010001001001000001000101001010101010010101010010100101001011001001001010010100101001010101010101010101001010010101011010110101101011101110111101010101011011010101010101010111111010110101010101101011011011010101100101010101010100101010101001010101101010110101010010101010010101001010010101010010100101010101010101010010100101001001001001001010101010010100100010101010101001010110111010110110101010101010100100010101000100001010000100000000000000000000000000000000000000000000000000000000000000000000000000000000000
000000000000000000000000000000000000000000000000000000000000000000000000000000000000000101100100100110100101010010010010010101001001101001010101001010010010101010101001010101010101010010101010100101010101011001011010110110101101010110101010100111011011010101101001101011010111101011010110100110101010101010010001010100101010101010010001010100101010101010101101010101001001010101010011010010101010101010101001010010101010010101001001000101001001010110101010111010101010111101101110101001010011101010001001001010100001000000000000000000000000000000000000000000000000000000000000000000000000000000000000
000000000000000000000000000000000000000000000000000000000000000000000000000000000000000010001000100101010010001001001001001010101010010101001010101010100100100100010100100010101011010101010100101010101010101011010101010101010101010101010101011010101010101010110110110110111010110101101001010010110101010101001010010101010101010101010110101011010101010101001001001010110101010100101100101101010101010101001010101100101010101001101010010010110101010101010101010110101010101011101001010100101000001001010010010000000110000000000000000000000000000000000000000000000000000000000000000000000000000000000000
000000000000000000000000000000000000000000000000000000000000000000000000000000000000001001010001001001000101010010010010101001001001000101010101010100101001010010100010010101010110101010010101010101010101011010101010101010111011011010101101101101101010101001001101011011101011010101011110101101001110101010101010101010101010101001010100101010101001010101010101010010101010100101010010101001010101010101010101001011000100101010101001010100100010101010101010110101010101011101011010101010100101010010100101001001000100000000000000000000000000000000000000000000000000000000000000000000000000000000000000
000000000000000000000000000000000000000000000000000000000000000000000000000000000000000100101010010100110001001001001010010010010010101001010010100101010010001001010100101001010101001001010100101010101101101011101011011101010101101101011011010110110101010110110111010101011101101101010101010010101010101010110101001010101010101010101011010101010110101001000100101101010010010101001011010110101011010101010010101000110010100101010100101010010101010101010101010101010111100110100101010101010010101010010000010010011000000000000000000000000000000000000000000000000000000000000000000000000000000000000000
000000000000000000000000000000000000000000000000000000000000000000000000000000000000000001000100010001001010110010010001010101010100101010101010101010101001010010001010100101010101010100100101010101010101010101010101010101010110101011101011010101101010101010010010110110101010011011110101101101010101010101001010101001001001011010100101010101010101010010011001010010101010101001010101010100101010110101010101010101010101010101010010010010101010101010101011010101011010011100101010010110010100010100001001000000100000000000000000000000000000000000000000000000000000000000000000000000000000000000000000
000000000000000000000000000000000000000000000000000000000000000000000000000000000000000000101001001010010101001010101010100100001010010010010101010010010100101001010010010010101010010010101010101011010101011011101101010101011101010101010101101010101101010101010110101010101011101010011010110101010101011010101010101010101010010101010010101010101010101010100101001001001001010101010100101010101010101010101001010101010100101010001011010100101101010010110100101010101101010010100101001010100101100001010010010001000000000000000000000000000000000000000000000000000000000000000000000000000000000000000000
000000000000000000000000000000000000000000000000000000000000000000000000000000000000000000010100100100100000100100100010001001101010100101010010010100101001000101001001010101010100101110010010101010101101010101010101010110100101010101011010101101010010101010111101111101110101010101010101010110101010101010101010100101010010101010101101010101010101001010101010101010101010100101010101010011010101010101010101001010010010100100110100100101010010101101101010101101010010101010001000101010010100010010100000100010000000000000000000000000000000000000000000000000000000000000000000000000000000000000000000
000000000000000000000000000000000000000000000000000000000000000000000000000000000000000000001000001001010101010010010101010100010010101000101001010101001010101000100101001010101011001001101001010101010101011010110101101010110110101101100110110111101101101010010110100110101101110110101011011011011010101010101010101010101010010010010010010101010100101101010101010100100100101010101010101100101010100101010110101010101010101011001010010101010101010101001010101010101010010101100101010010100010001010001001000100000000000000000000000000000000000000000000000000000000000000000000000000000000000000000000
000000000000000000000000000000000000000000000000000000000000000000000000000000000000000000000010100010001001000101010100100101101101010101001010101001010010010010101010010101010100101010001010011010101010101011101010101101010101101101011101010100011011011100101011011011010101001001010100100110101010110101010101010100101010101010101001101010100101010010101001001010101001010010010101010101001010010101010100101001010101010101010010101010111010101010110101010010100101100100001010010101010100101001010010000000000000000000000000000000000000000000000000000000000000000000000000000000000000000000000000
000000000000000000000000000000000000000000000000000000000000000000000000000000000000000000000000001000101010010010010010101010010010101010101001000101001001001010010001101010101010101010101010100101010101010101010100101010101010101010101011010101100110110101010110101101110110110110010110111011011010101010101010101010101001001001010100010010011010101010101010101010101010101010101010100010101001010101010101010101001010101010101010100101001010101101010101101100101001001010100101000010010001000010000100100000000000000000000000000000000000000000000000000000000000000000000000000000000000000000000000
000000000000000000000000000000000000000000000000000000000000000000000000000000000000000000000010100010010001010100101010010010101001010010010101010101010101010100101010010101010100100101010101010110101010111011010101010110101011010101010110101011011010101101101101101010101101010101010101001010110101101010101010100101010110010010010101101010100100100101010101010010101010100101010110101010110110101010101010101010101101010101010101011010110101110101010101001001010010010101011000010100100100101000101000010000000000000000000000000000000000000000000000000000000000000000000000000000000000000000000000
000000000000000000000000000000000000000000000000000000000000000000000000000000000000000000000000010001001010001010010010101001010101101001010101010010101010010010010101010101010101010100100101010101010101010101101010101010101010101001010101101101101010110110010111010101010101110110101010110101011010010110110101010101010101010101001010010101011010101001001010101101010010101010101001010101010101010101010101010101010011010010010101001010101010001010101010101010010100100100100011001010010010000010010000100000000000000000000000000000000000000000000000000000000000000000000000000000000000000000000000
000000000000000000000000000000000000000000000000000000000000000000000000000000000000000000000000101000100001010100101010001010100100001010010100101010010001001010100010101001010010101001010101010100111011101110101010101010101010100110101010010101010101010101101010111111011011001010101010101010100101101010101010101010101010100010101010101001001010101010110101010010101101010101010101001010101011010101010101010010101110101010101010110101010101010101000101010100100010101010100100010001000100010100100001000000000000000000000000000000000000000000000000000000000000000000000000000000000000000000000000
000000000000000000000000000000000000000000000000000000000000000000000000000000000000000000000000000100010100100010100101101010010101010000100101001010101010101001010101010101001010101010010110101011000101010101011010101101010101010010110110110101101001010101011111010010110101010101010101010101011010010101010101011011010100101010010101001010100101010101010101010101010101010101010101010101010101010100101010101010101001001010101010010101010100100100110010010011001001010100101001001010010001000100000110000000000000000000000000000000000000000000000000000000000000000000000000000000000000000000000000
000000000000000000000000000000000000000000000000000000000000000000000000000000000000000000000000000101001001010101010010010010100101010101010101010101001010010010101010101010010101001010101001010101011010101111101010101010110101010101011001101010010101010101110010111010101010101101011010101010100101010101010101101010101010101010101001010010010100101010101010101010101010101010101010101010101010101001010011001010101010010010101010101010101010101001000101010100010010010010100010010000100100101001001000000000000000000000000000000000000000000000000000000000000000000000000000000000000000000000000000
000000000000000000000000000000000000000000000000000000000000000000000000000000000000000000000000000010000010000010010100101001010100100100001010100010100101001010010100010010101010101001010101010101010110110100010101010101001010101011100110101010100101001010011101001101010101010101010110101010101010101010101010101101010101010101010101010101010101010101010110101101011101010101010101010101010101010110101001010101001010101101010101010101010100100101010101010010101001001000010100100110010010010010010000000000000000000000000000000000000000000000000000000000000000000000000000000000000000000000000000
000000000000000000000000000000000000000000000000000000000000000000000000000000000000000000000000000001100000101001000101010101001001010101010010101101001010010100101001001010101010010101001010101010101001101101101001010110110101010110011001010101010101010101100010110101010101101010101001010101010101010101010101010010101010100101010010001010101001010101010101011010110010101010101010010101001010101001010110101001010101010010101010101010100010010100101010010101000101010010100001001001001001001000000000000000000000000000000000000000000000000000000000000000000000000000000000000000000000000000000000
000000000000000000000000000000000000000000000000000000000000000000000000000000000000000000000000000000010010010010010001010010101010001010010100100010100101010010100110101001010010100101100101010101010110110110010110101010101101010111010110101010110101010100101101010101010101010110101010101010101010101010101010010101010101010101101010101001001010101010101010101010101110101001010010100101010101010101010101010110101001001010010101010000010101001001010110101000101000100100101000010000100000010000000000000000000000000000000000000000000000000000000000000000000000000000000000000000000000000000000000
000000000000000000000000000000000000000000000000000000000000000000000000000000000000000000000000000001001000100101001010001010010010101000101010101010010100101010101001010010101101101101010101010101010101010101101101010110101010101010101010101101001010101011011010110101010101010101010101010101010101010101010101010101010101010100101010101010101010010101010101010101010101010101001010101010101010101010101100101001010110101110101010010110101001010010101001010101010010010100100010100010010110000000000000000000000000000000000000000000000000000000000000000000000000000000000000000000000000000000000000
000000000000000000000000000000000000000000000000000000000000000000000000000000000000000000000000000000000100101000100101010010100101010101000001010010101010101001010101001001001010010010101010101010101010111010010101101010110110101111101010110110110101010101010101010110101101011010101011010110101010010101010101010010101010101010010101010101010010100101010101011010101010101010101001010101001010101010110011010101010101010001010101000001000100001001001010010100101100100010101010001000100001000000000000000000000000000000000000000000000000000000000000000000000000000000000000000000000000000000000000
000000000000000000000000000000000000000000000000000000000000000000000000000000000000000000000000000000000010010011001000101001001010010001010110001010010010010101010010010110101001101010101001010110101011010101101011010110101010110101010101010101010110101010101010101001010010100101010101010101001001010101010100101010101001010101010101010100101010101010101010101010101101010101010101010101010101010101000100101010101001010110100100101010101001010010001010100010100001001001001000010010001000010000000000000000000000000000000000000000000000000000000000000000000000000000000000000000000000000000000000
000000000000000000000000000000000000000000000000000000000000000000000000000000000000000000000000000000000001100010010010010010100011001010010011010101010101010101001010100001001101010101010100101001010101011010101001011010111101011010110101101010101010101010110110101010101101011010101010101010110101010101010101010101010110101010101010101010101010101010101010101011101011110101010101010101010100101011011011010101010110101001010010101001010010001001010010010100010100101010010010100100100000000000000000000000000000000000000000000000000000000000000000000000000000000000000000000000000000000000000000
000000000000000000000000000000000000000000000000000000000000000000000000000000000000000000000000000000000000010000101000100100010100100100101001010100101001001001010100101101010010101010100101010010101010110110101010100101001011010101101010010110101010101010101010101010101010100101010101010101001010101010101010101010101001010101010100101010100101010101010101010100010101001010100101010101010101101101010110010101001010101010010101010010000100110100010100101001010010100100100100000001000010000000000000000000000000000000000000000000000000000000000000000000000000000000000000000000000000000000000000
000000000000000000000000000000000000000000000000000000000000000000000000000000000000000000000000000000000000001000010101001010101001010101001010010010101010101010010101001010101010101010010010010101011010101001010101011010110110101010101011101010101011010101010101010101010101010101010101010101010101001001010010010100101010101001010101001001010101001010101010101011010101010101011010101010101010101010101001101010100100100101001001000100101001000010101001000010001001001001001001010100001000000000000000000000000000000000000000000000000000000000000000000000000000000000000000000000000000000000000000
000000000000000000000000000000000000000000000000000000000000000000000000000000000000000000000000000000000000000110010010010001000010010010101001001010100110010100101001010001001001010101010101101010101010110101010110101011101101011010101010010101010100101010101010101010101010101010101010101010101010101010101101011010100101010101010010101010101010101010010101010100101010101010101010101010101010101010101010101001011010101000010001001001010010010101000010010101010010010010100010000010010000000000000000000000000000000000000000000000000000000000000000000000000000000000000000000000000000000000000000
000000000000000000000000000000000000000000000000000000000000000000000000000000000000000000000000000000000000000001001000100100101001001001010100100100110001001010100100101010100101001010101010010101010111010110101010110101010110101010101101010110101010101010101011010101010101010101010101010101010101010010010101010101010101010101001010101010010101010101010010101011010101101010101010101010101010101010010101010101001010010101001010010100001001001000011001000001000100101000001000101000000000000000000000000000000000000000000000000000000000000000000000000000000000000000000000000000000000000000000000
000000000000000000000000000000000000000000000000000000000000000000000000000000000000000000000000000000000000000000100011000100010010100110001001011101001010110101001010100101010101010101010010101010101010111101011101101110101101101010101010101001010101010101010101011010101010101010100101010100101010101010101001010101010101001001010101010010101001010101010101010101010101010101101010101010110110110101101010101010101000100010100100100010110100100010100100101010010100100101010010000000100000000000000000000000000000000000000000000000000000000000000000000000000000000000000000000000000000000000000000
000000000000000000000000000000000000000000000000000000000000000000000000000000000000000000000000000000000000000000010000110001001001010010101010000001110100100100100100010100101010101010101101010100101010101011010110111011010101010101010101010101011010101011011010101010101010101010110101010101001010101010101101010101010101010110101001010101010101010101010101010101010101011010010101010101101011010110101001001010100110010100010010101001000010010100010001001000101010001000100001010101000000000000000000000000000000000000000000000000000000000000000000000000000000000000000000000000000000000000000000
000000000000000000000000000000000000000000000000000000000000000000000000000000000000000000000000000000000000000000001100001100100101001001010001101100100101001010110010101001001001010010101001001011010101010110101101110100110101010101010101010101010110101010101010101010100101010101010101001010110101010101010101101010010101101010101010101010100101010010100100101010101010100101101010101101010110101101010101010010010100101010100100010010001001010001001010010101000000100010001010000000000000000000000000000000000000000000000000000000000000000000000000000000000000000000000000000000000000000000000000
000000000000000000000000000000000000000000000000000000000000000000000000000000000000000000000000000000000000000000000010100101001000101010011010010101010101010100010101010110100101010101010101010100101101111010110010101111011010101011010101010101011001010101010101010101011010100101010010110100001010101010101010101010101010101010101010100101010101010101010101001010010101010101010110110110111010110010010100101001010011010001001001001001010100001010010010100000101010010001000000010000000000000000000000000000000000000000000000000000000000000000000000000000000000000000000000000000000000000000000000
000000000000000000000000000000000000000000000000000000000000000000000000000000000000000000000000000000000000000000000010010010010010100111000101010101001010100101010100100010010101001010101010101010101011010101010110110101100101010101010101010100100110110101010101010110101010011010101101001001110101010101010101010101010101010100101010101010101010101010001010101010110101010101010101010101100101001101011010101010010100001010010010010010010010101001001000010101000100000100010001000000000000000000000000000000000000000000000000000000000000000000000000000000000000000000000000000000000000000000000000
000000000000000000000000000000000000000000000000000000000000000000000000000000000000000000000000000000000000000000000000100100100100010011101001010101010010101010100101010101010100110101010101010101011010110111011011101010111010101010101010101010101001010101010101010101010101010001010010101010001010101010101010101010101010101011010101010101010101010101010101010101001010101010101010101010101010110010100101001010101011010010100101000100101001000010010010000000010001010001000000000000000000000000000000000000000000000000000000000000000000000000000000000000000000000000000000000000000000000000000000
000000000000000000000000000000000000000000000000000000000000000000000000000000000000000000000000000000000000000000000000010001001001001000010110010101010100101001010100100100101001001001010010101010110101101010101010010111100101010101010101010101010101010010101010101010110101010110010100100101010101010101010101010101010101010100101010101010101010101010101010010100101010101011010101011011010110101011010101011001010100000100010100010010100001001001001001010101000101000000000100000000000000000000000000000000000000000000000000000000000000000000000000000000000000000000000000000000000000000000000000
000000000000000000000000000000000000000000000000000000000000000000000000000000000000000000000000000000000000000000000000000100100100100101010011010100101010010100101010101010010101010101010101010110101101011010101011011010111010010101010010101010100101011010101010101011010111010101100101011010101001101010101010101010101010101010101010101010101010010100100101010010101010101100101010101010101001010100100100100100100001101010100010100100010110010010010010000000100100001010100000000000000000000000000000000000000000000000000000000000000000000000000000000000000000000000000000000000000000000000000000
000000000000000000000000000000000000000000000000000000000000000000000000000000000000000000000000000000000000000000000000000001000001001001000100101011010101010011000101001000101001010010101010101101010101101101101101010110100101101010101101010100101010101010101001010100101010101010011010100101010101001010101010101101010100100101010101010101010101010011010101010101010101010010101010101010010101001001001001001001001010001000010100001001001001000100000100001010010001010000000000000000000000000000000000000000000000000000000000000000000000000000000000000000000000000000000000000000000000000000000000
000000000000000000000000000000000000000000000000000000000000000000000000000000000000000000000000000000000000000000000000000001010100100010010101010101010010101000110001010101000100101010010101010010101101010101010101110101101101010101010010101010101010100101010110010111010110101010100101010101010101010101010101010101010101010101101010101010101010101010101010101010100100101010101010101010100101010010101010100100100100100101001001010010101000010010101001000000000100100000100000000000000000000000000000000000000000000000000000000000000000000000000000000000000000000000000000000000000000000000000000
000000000000000000000000000000000000000000000000000000000000000000000000000000000000000000000000000000000000000000000000000000010000010101010010010110101010101011001010100101010101001010101010101010101011011101101010101011011010101010010101010101010010101010101001010100110101010101011010101010101010101101010101010101010101010010010101010101010101010101010101010010010101010101010101010101001001001010010010001010010101010100100100100010010001010100000100001001010010000010000000000000000000000000000000000000000000000000000000000000000000000000000000000000000000000000000000000000000000000000000000
000000000000000000000000000000000000000000000000000000000000000000000000000000000000000000000000000000000000000000000000000000001100001000100101010101010101010010101010101001001010101001010101010101010101010110101010101101010101010101010101010101010101010101010110101011001101010101001010110101010101010101010101010101010110101010101010101010101101010101010101010101010101001010101010010010100101010010001001010100101000100010010010001001000101000010100001000010000000000000000000000000000000000000000000000000000000000000000000000000000000000000000000000000000000000000000000000000000000000000000000
000000000000000000000000000000000000000000000000000000000000000000000000000000000000000000000000000000000000000000000000000000000010100011001000101010110101001100010010010010101001010101010101010101010110101101011011011010110101010101010101010101010101010010101001010100101010101010110101010101010010101010101010101010101001010101010010001001010001010101010101010101010100110101010101010100010101000100101001010000100010001001001001010010101010001001001010001001000100010000000000000000000000000000000000000000000000000000000000000000000000000000000000000000000000000000000000000000000000000000000000
000000000000000000000000000000000000000000000000000000000000000000000000000000000000000000000000000000000000000000000000000000000000010000101010010101001010100101001001010100010100101010010101010101011011010110110101101011101101010110101010101010101010101010110110010110110110110101001010101010101010101101010101010101010110010010001010100100101101010101010101010101010101010101001001010010101010101010010010001010010100101000010010000100010000100100010000100000000000000000000000000000000000000000000000000000000000000000000000000000000000000000000000000000000000000000000000000000000000000000000000
000000000000000000000000000000000000000000000000000000000000000000000000000000000000000000000000000000000000000000000000000000000000000001000101001001010101011010101010100101100101001010100100101010101010101010101010010101010110101010101010101010101011010101011001101001010101001010110101010101010101010010101001010010101010101101010101010101010010101010100100101010101010101010010010100101010100010000100010100100100001000101010100101001000010101001001010000100010010000000000000000000000000000000000000000000000000000000000000000000000000000000000000000000000000000000000000000000000000000000000000
000000000000000000000000000000000000000000000000000000000000000000000000000000000000000000000000000000000000000000000000000000000000000000010001010010101010100101010101001010010101010010101010010101010101011011011011101010101010101010101010101010101010101010101010010110101011010101010101101010101010101010101010101010101001010010100101010101010101101001010101010101010101010010101010011000100011001010010100010010010100101001001001000010101010000010000000100000000000000000000000000000000000000000000000000000000000000000000000000000000000000000000000000000000000000000000000000000000000000000000000
000000000000000000000000000000000000000000000000000000000000000000000000000000000000000000000000000000000000000000000000000000000000000001000000000101001010101010010100110100101001001010010010100010101010101010110101010101011010101010101011010101010100101010101010101001010100110110101010010110101010101010101010010101010110101010101001001010101010101010101010101010101010100101010101100101001010010001000010100101000101000100100010001010000000101001010100010001000000000000000000000000000000000000000000000000000000000000000000000000000000000000000000000000000000000000000000000000000000000000000000
000000000000000000000000000000000000000000000000000000000000000000000000000000000000000000000000000000000000000000000000000000000000000000001010010001010101010010100110001010100100110101001010101001010101010101010101110110110110101010101010110101010101010101010110101010101010101101010101010101010101010101010101010100100101001001001010101010010101010010110101010101001010101010010010010101010100100100101001001000101000101001001001010101101010000000000001000000000000000000000000000000000000000000000000000000000000000000000000000000000000000000000000000000000000000000000000000000000000000000000000
000000000000000000000000000000000000000000000000000000000000000000000000000000000000000000000000000000000000000000000000000000000000000000000000100001010010101101001001010101001011001010101010010110101010110101011011001010101010101010101010101010101010101010101001010101011011010010101010101010101010101001010010100101011001010101010101010101010101010101001010101010101010101010100100101010101001001010100100100010010010001000100101000000010000101001000000000010000000000000000000000000000000000000000000000000000000000000000000000000000000000000000000000000000000000000000000000000000000000000000000
000000000000000000000000000000000000000000000000000000000000000000000000000000000000000000000000000000000000000000000000000000000000000000000010011000001001010010101010101001010001010001010010100100101010101010101010110101011010101010101010101010101101010101010101010101010101010110101010101010101010101010101001010101000100101010101010101010101010101010101010110101010101010010101010010101001010100000010010010100100101010010010000101001000101000100001000010000000000000000000000000000000000000000000000000000000000000000000000000000000000000000000000000000000000000000000000000000000000000000000000
000000000000000000000000000000000000000000000000000000000000000000000000000000000000000000000000000000000000000000000000000000000000000000000100100010100101000100101001010010101100101010001001010101010101010101011011010101010101010101010101010101010101010101010101010101010101010101010101010101010101001010100101010101011010101001010101010101010101010101010101010101010101001010010000101001010010010101101001010010010100001001001010000010010010000000000001000000000000000000000000000000000000000000000000000000000000000000000000000000000000000000000000000000000000000000000000000000000000000000000000
000000000000000000000000000000000000000000000000000000000000000000000000000000000000000000000000000000000000000000000000000000000000000000000010001100010010101001001010010101001010010101010010010100101011010101010101010101011010101010101010101010101010101010101010101010101010101001010010110101010101010101011010101010100101010101010010101010101011001010101010101010101010101010101010000100010101010101010100100101001011010000100010101001001000100001000100000000000000000000000000000000000000000000000000000000000000000000000000000000000000000000000000000000000000000000000000000000000000000000000000
000000000000000000000000000000000000000000000000000000000000000000000000000000000000000000000000000000000000000000000000000000000000000000000001000001101001010100100100101010010101010010010100101001010101011010101101011010101010101101010101010101010101010101010101001010101010101010101101001010101010101010100101010101010101001010101010010101011110110100100100010010010010101001010010101010100000100100100101001000100100001010101000010100000010000100010000000000000000000000000000000000000000000000000000000000000000000000000000000000000000000000000000000000000000000000000000000000000000000000000000
000000000000000000000000000000000000000000000000000000000000000000000000000000000000000000000000000000000000000000000000000000000000000000000000000000100100010100010110010010100110101010101001001010101010101010101010101010101010101010101010101010101010101010101010110101010101010101010010110101010100101010101001001001010010100100101001101010100001001010101010100101010100100100100100010001001010010011001000101010010101010010001010100001100000010000000000000000000000000000000000000000000000000000000000000000000000000000000000000000000000000000000000000000000000000000000000000000000000000000000000
000000000000000000000000000000000000000000000000000000000000000000000000000000000000000000000000000000000000000000000000000000000000000000000000000000001101000101001001101100011000110101000010100101010001010101010101101010100101010101010101010101010101010100101010101010101010101010010101001010010101010101010101010101001010101010101010010101010110100101001001001010101001010101010010101010010101101100010101010001010101001001010000000010000010000001000000000000000000000000000000000000000000000000000000000000000000000000000000000000000000000000000000000000000000000000000000000000000000000000000000
000000000000000000000000000000000000000000000000000000000000000000000000000000000000000000000000000000000000000000000000000000000000000000000000000000000010101001000100000010100110010101010100010010101010101010101010101010101010101010101010101010101010101010101001010101010101001010101010101001010010100100101010101001011010101010101010100101010101011001010010100101010101001000010100010010100100100010100010101010101000010010010101010100010000010010000000000000000000000000000000000000000000000000000000000000000000000000000000000000000000000000000000000000000000000000000000000000000000000000000000
000000000000000000000000000000000000000000000000000000000000000000000000000000000000000000000000000000000000000000000000000000000000000000000000000000000001010100010001110101001010101010010010100101010101010101010101010101010101010101010101010101010101010101010101010101010100110101010101010101010101010101010010001010100100101001010101010101010100100010001010001010010010101010100010101001001010101100101010000101010001001001000000000000000000000000000000000000000000000000000000000000000000000000000000000000000000000000000000000000000000000000000000000000000000000000000000000000000000000000000000
000000000000000000000000000000000000000000000000000000000000000000000000000000000000000000000000000000000000000000000000000000000000000000000000000000000100000101010100010100100101001010101010101001001010101010010101101010111010101010101010101010101010101010100101010101101010101010100100101010010110101001010101010100101010110101010100101001001010101001010001010101001010010101001001000100100101000010010001010001000100100000010001010000010010000000000000000000000000000000000000000000000000000000000000000000000000000000000000000000000000000000000000000000000000000000000000000000000000000000000000
000000000000000000000000000000000000000000000000000000000000000000000000000000000000000000000000000000000000000000000000000000000000000000000000000000000001000001000101000010010100010010101010010101010101010101010101011010100101010010101010110101010101010101011010101011010101010010010101010010101001010101010100101001010101010101010101000101010010010010010101010010110100100000010100101001001000101010100110001010010010000101000010000001000000000000000000000000000000000000000000000000000000000000000000000000000000000000000000000000000000000000000000000000000000000000000000000000000000000000000000
000000000000000000000000000000000000000000000000000000000000000000000000000000000000000000000000000000000000000000000000000000000000000000000000000000000000110000101001010101000110101100100101001001010010101010101010010101011011010101010100101010101010101010100101010100101011010101010011010101010101001010100101001010100010010100101010101010101001001011010100100100001010010101000010000100100010010100010000100000100000010000010000000100000000000000000000000000000000000000000000000000000000000000000000000000000000000000000000000000000000000000000000000000000000000000000000000000000000000000000000
000000000000000000000000000000000000000000000000000000000000000000000000000000000000000000000000000000000000000000000000000000000000000000000000000000000000001010000010100010010000100010101010100101010100101010110101101010101010101101010010101010101010100101010101010111010101010101010101010101010101011010101010010101001010101001010010010100101010010010100101001010110101001000010100101010010101010001001010000101001010100001000000010000000000000000000000000000000000000000000000000000000000000000000000000000000000000000000000000000000000000000000000000000000000000000000000000000000000000000000000
000000000000000000000000000000000000000000000000000000000000000000000000000000000000000000000000000000000000000000000000000000000000000000000000000000000000000101010000011001001010111001001010101001010101010101001010010101010101010010101010010101010101010100101010110100101010100100101010101010101010100100101010101001010101010101001010101011010101010101010010101010101010100101101010100001010000001010010000101000010000000100001000000100010000000000000000000000000000000000000000000000000000000000000000000000000000000000000000000000000000000000000000000000000000000000000000000000000000000000000000
000000000000000000000000000000000000000000000000000000000000000000000000000000000000000000000000000000000000000000000000000000000000000000000000000000000000000000010100000100010010000110010101001010101010101010110101011010101010101101010010110101010101010101010101101011010101010101010010100101010101010101010101010010101000101010010101010100010010101010001010010010010010010101010001010101000101110001000010000001001010001000000010100000000000000000000000000000000000000000000000000000000000000000000000000000000000000000000000000000000000000000000000000000000000000000000000000000000000000000000000
000000000000000000000000000000000000000000000000000000000000000000000000000000000000000000000000000000000000000000000000000000000000000000000000000000000000000000001010010011001001000001101001010101010101011001010101001001010010101010101010101010101010101010101110101010101010101010101010010101010010100101000100101010100110101010100101010101001010010101010101001010101010101000001010001000101001000100010000000100010000100001000001000000000000000000000000000000000000000000000000000000000000000000000000000000000000000000000000000000000000000000000000000000000000000000000000000000000000000000000000
000000000000000000000000000000000000000000000000000000000000000000000000000000000000000000000000000000000000000000000000000000000000000000000000000000000000000000000001100100110100101010000101010010101001001010101101101010001010101010101010101010101001010101010101011010101011010101001010101010101100101010110101010101001001010010101010100100110100101000101010101010100101000101010100010010000110010001000100101000100010000000010100000000000000000000000000000000000000000000000000000000000000000000000000000000000000000000000000000000000000000000000000000000000000000000000000000000000000000000000000
000000000000000000000000000000000000000000000000000000000000000000000000000000000000000000000000000000000000000000000000000000000000000000000000000000000000000000000000011000000100010101010000010101001010110101010010101011010101010101010101010101001010101010101011010101010101010100110010101010101010100100101010010010101010010100101010101010000010100110010101010100010010101000100010101001101000001000010001000010001000010001000000000000000000000000000000000000000000000000000000000000000000000000000000000000000000000000000000000000000000000000000000000000000000000000000000000000000000000000000000
000000000000000000000000000000000000000000000000000000000000000000000000000000000000000000000000000000000000000000000000000000000000000000000000000000000000000000000000000011000001100000100110100100110101010110101010101010101001010101010100101010110101010101101010101010101010101001000101010010101010101010101001010101010010101010100100100100101101010101101001001001010100100101001000100010010010100001000000101000000000000100000000000000000000000000000000000000000000000000000000000000000000000000000000000000000000000000000000000000000000000000000000000000000000000000000000000000000000000000000000
000000000000000000000000000000000000000000000000000000000000000000000000000000000000000000000000000000000000000000000000000000000000000000000000000000000000000000000000000000100000010110010001010010010010101010101000101010101010101010101010101010101010101010011010101010101010101010110100101010101010101010101010101001001010010010010101010101010010010100000100101010000010001010010101001001000100010000010110000000100010000000000000000000000000000000000000000000000000000000000000000000000000000000000000000000000000000000000000000000000000000000000000000000000000000000000000000000000000000000000000
000000000000000000000000000000000000000000000000000000000000000000000000000000000000000000000000000000000000000000000000000000000000000000000000000000000000000000000000000000001010000001010110000101100100010101010110101101010101010101010101101010101101101010110110101010101010110101010101101010101010101010101010100101010101100101101010101001001010101010110101010010101001010000100100100100101001000010100000000000000000000000100000000000000000000000000000000000000000000000000000000000000000000000000000000000000000000000000000000000000000000000000000000000000000000000000000000000000000000000000000
000000000000000000000000000000000000000000000000000000000000000000000000000000000000000000000000000000000000000000000000000000000000000000000000000000000000000000000000000000000001010000100010110010010101001011010101010110101010101010101010010101101010010110101001010101010101010101010101010101010101010101000101001001010010010100101001010100101001010001001001001001010100101101010010010010000000010000001000000101000100000000000000000000000000000000000000000000000000000000000000000000000000000000000000000000000000000000000000000000000000000000000000000000000000000000000000000000000000000000000000
000000000000000000000000000000000000000000000000000000000000000000000000000000000000000000000000000000000000000000000000000000000000000000000000000000000000000000000000000000000000001010011000001100101001010000101010101001010101010101010101101010101010110101010110101010101010101010101010101010101010010010011010010101001010101010100101001010101010100100100101010101001001010000101010100100010101001010100000010000010000010000000000000000000000000000000000000000000000000000000000000000000000000000000000000000000000000000000000000000000000000000000000000000000000000000000000000000000000000000000000
000000000000000000000000000000000000000000000000000000000000000000000000000000000000000000000000000000000000000000000000000000000000000000000000000000000000000000000000000000000000000010100110100010000100101110010101010110110101011010110101010101010101010101010101010010101010101101010101010101010010101010101010101001010101010111010101010010010101010101010010010010100101000111001000100101000000010000000001000000000000000000000000000000000000000000000000000000000000000000000000000000000000000000000000000000000000000000000000000000000000000000000000000000000000000000000000000000000000000000000000
000000000000000000000000000000000000000000000000000000000000000000000000000000000000000000000000000000000000000000000000000000000000000000000000000000000000000000000000000000000000000000101000101100111010100001101001001010101010110111010110101010101010101101101010101101010101010010101010101001001010010101010010101010101010010100101010101010100100001000100100100101010101010100010101001000010101000000001000000010000000000000000000000000000000000000000000000000000000000000000000000000000000000000000000000000000000000000000000000000000000000000000000000000000000000000000000000000000000000000000000
000000000000000000000000000000000000000000000000000000000000000000000000000000000000000000000000000000000000000000000000000000000000000000000000000000000000000000000000000000000000000000000001010010000001010101001010100010101010101001101011011010101011110101011010100010101010101101010101010110110101101010101001010100100101010101010101001001010101110101010101010101001000101011100010010010100000000000000000000000000000000000000000000000000000000000000000000000000000000000000000000000000000000000000000000000000000000000000000000000000000000000000000000000000000000000000000000000000000000000000000
000000000000000000000000000000000000000000000000000000000000000000000000000000000000000000000000000000000000000000000000000000000000000000000000000000000000000000000000000000000000000000000100010100101010001010010100011101010101010110101101110101101100000110101010101110101101010010101001001001001010100100010010010010101010101010101010010101001010010010010100101000010011010000000100100100001010100100100000001000000000000000000000000000000000000000000000000000000000000000000000000000000000000000000000000000000000000000000000000000000000000000000000000000000000000000000000000000000000000000000000
000000000000000000000000000000000000000000000000000000000000000000000000000000000000000000000000000000000000000000000000000000000000000000000000000000000000000000000000000000000000000000000001000000010001101001101011000101010110101010110110001110101011111001010101010010101010101010101010101010110010010101010101010101010101010101000010101001010010101010101010010101010100001010011001010001010000000000000101000000000000000000000000000000000000000000000000000000000000000000000000000000000000000000000000000000000000000000000000000000000000000000000000000000000000000000000000000000000000000000000000
000000000000000000000000000000000000000000000000000000000000000000000000000000000000000000000000000000000000000000000000000000000000000000000000000000000000000000000000000000000000000000000000010100001010010110010100010001010101010101001001111001011101010010101010101010101010010101010101010101001010101010101101010010100100100001101110101010100101001010010100100010101001010000100010001010000100000010001000000000000000000000000000000000000000000000000000000000000000000000000000000000000000000000000000000000000000000000000000000000000000000000000000000000000000000000000000000000000000000000000000
000000000000000000000000000000000000000000000000000000000000000000000000000000000000000000000000000000000000000000000000000000000000000000000000000000000000000000000000000000000000000000000000000001000001000000101001010100101001010101110110101010100101011110110101011011010101101001011010101010101010010101010010010101010101011110010010101001001010010001001010010101000100010111010101010000010001001000100000000000000000000000000000000000000000000000000000000000000000000000000000000000000000000000000000000000000000000000000000000000000000000000000000000000000000000000000000000000000000000000000000
000000000000000000000000000000000000000000000000000000000000000000000000000000000000000000000000000000000000000000000000000000000000000000000000000000000000000000000000000000000000000000000000000000110100001010000110100101000110010101010101011011111010100001010101010110101110101010100101010101010101101010100100101010010101101000101101001010101010101010100100101000101001010100000000000001000000000000000000000000000000000000000000000000000000000000000000000000000000000000000000000000000000000000000000000000000000000000000000000000000000000000000000000000000000000000000000000000000000000000000000
000000000000000000000000000000000000000000000000000000000000000000000000000000000000000000000000000000000000000000000000000000000000000000000000000000000000000000000000000000000000000000000000000000000110100101010001010010110001010101010101010100001010101101000101010101101001010101011010101010101010010010101011010101001010101011010010101001010100100100010010000101010101000001011000001000010001000000000000000000000000000000000000000000000000000000000000000000000000000000000000000000000000000000000000000000000000000000000000000000000000000000000000000000000000000000000000000000000000000000000000
000000000000000000000000000000000000000000000000000000000000000000000000000000000000000000000000000000000000000000000000000000000000000000000000000000000000000000000000000000000000000000000000000000000000000010100100101010010110100010101010101011110101101010111010110101010010101010101010101010100100100101010100101010110101010100010101010011010101010010100100110000000000010101000010100000001000000000000000000000000000000000000000000000000000000000000000000000000000000000000000000000000000000000000000000000000000000000000000000000000000000000000000000000000000000000000000000000000000000000000000
000000000000000000000000000000000000000000000000000000000000000000000000000000000000000000000000000000000000000000000000000000000000000000000000000000000000000000000000000000000000000000000000000000000000000000010100010101000001011000101011010101011010010110101101010101010110010101010100100101010101011001010101010101010100000101100101011010000010001000101011001010101011001010010100001001000000000000000000000000000000000000000000000000000000000000000000000000000000000000000000000000000000000000000000000000000000000000000000000000000000000000000000000000000000000000000000000000000000000000000000
000000000000000000000000000000000000000000000000000000000000000000000000000000000000000000000000000000000000000000000000000000000000000000000000000000000000000000000000000000000000000000000000000000000000000000000011000000111110100111010101101101000101110101010110101011011010101010100001010100101010100110101010101010010010111101001010100001011010100101000000100000001000101000100000000000000000000000000000000000000000000000000000000000000000000000000000000000000000000000000000000000000000000000000000000000000000000000000000000000000000000000000000000000000000000000000000000000000000000000000000
000000000000000000000000000000000000000000000000000000000000000000000000000000000000000000000000000000000000000000000000000000000000000000000000000000000000000000000000000000000000000000000000000000000000000000000000010100001010110011001000010101111010001010101001010100000010101010011101010101010100101001000000010001010101001010110100101110101001001000010101001010100010001010000000000000000000000000000000000000000000000000000000000000000000000000000000000000000000000000000000000000000000000000000000000000000000000000000000000000000000000000000000000000000000000000000000000000000000000000000000
000000000000000000000000000000000000000000000000000000000000000000000000000000000000000000000000000000000000000000000000000000000000000000000000000000000000000000000000000000000000000000000000000000000000000000000000001011100000001100110110100101010101110101010010101010110101001010100010101010101010100100001010100101010101010001000010101000010010010010100000100100001000100000000010000000000000000000000000000000000000000000000000000000000000000000000000000000000000000000000000000000000000000000000000000000000000000000000000000000000000000000000000000000000000000000000000000000000000000000000000
000000000000000000000000000000000000000000000000000000000000000000000000000000000000000000000000000000000000000000000000000000000000000000000000000000000000000000000000000000000000000000000000000000000000000000000000000000001010100001001001010010000010010010101101001010101000100100101101010101010010001010101010111010101010101110110100010010101001001001011010010010100000000000000000000000000000000000000000000000000000000000000000000000000000000000000000000000000000000000000000000000000000000000000000000000000000000000000000000000000000000000000000000000000000000000000000000000000000000000000000
000000000000000000000000000000000000000000000000000000000000000000000000000000000000000000000000000000000000000000000000000000000000000000000000000000000000000000000000000000000000000000000000000000000000000000000000000000000010010100101011010110101000100101010101010101010111010010010010101001010101010001010101001010101001000000000010100101000101010010000000100000000001000000000000000000000000000000000000000000000000000000000000000000000000000000000000000000000000000000000000000000000000000000000000000000000000000000000000000000000000000000000000000000000000000000000000000000000000000000000000
000000000000000000000000000000000000000000000000000000000000000000000000000000000000000000000000000000000000000000000000000000000000000000000000000000000000000000000000000000000000000000000000000000000000000000000000000000000000000000000000101010101010001000001011010110101001010101010000000100100010101100100010101010000000101010010010010000010010000000101010001000010000000000000000000000000000000000000000000000000000000000000000000000000000000000000000000000000000000000000000000000000000000000000000000000000000000000000000000000000000000000000000000000000000000000000000000000000000000000000000
000000000000000000000000000000000000000000000000000000000000000000000000000000000000000000000000000000000000000000000000000000000000000000000000000000000000000000000000000000000000000000000000000000000000000000000000000000000000000000000000000000000101111010100000001000101010101010100111010101010100000101101101010000010101000000101101001010100100010111010001000000000000000000000000000000000000000000000000000000000000000000000000000000000000000000000000000000000000000000000000000000000000000000000000000000000000000000000000000000000000000000000000000000000000000000000000000000000000000000000000
000000000000000000000000000000000000000000000000000000000000000000000000000000000000000000000000000000000000000000000000000000000000000000000000000000000000000000000000000000000000000000000000000000000000000000000000000000000000000000000000000000101001001011011010100010000000001001011000101000000001001000000000001101010010101101010000010001000001000000000000000000000000000000000000000000000000000000000000000000000000000000000000000000000000000000000000000000000000000000000000000000000000000000000000000000000000000000000000000000000000000000000000000000000000000000000000000000000000000000000000
000000000000000000000000000000000000000000000000000000000000000000000000000000000000000000000000000000000000000000000000000000000000000000000000000000000000000000000000000000000000000000000000000000000000000000000000000000000000000000000000000000000000100100000001001000010010100000000110010011101010110010101010100010001001010010000001000100100101000000000000000000000000000000000000000000000000000000000000000000000000000000000000000000000000000000000000000000000000000000000000000000000000000000000000000000000000000000000000000000000000000000000000000000000000000000000000000000000000000000000000
000000000000000000000000000000000000000000000000000000000000000000000000000000000000000000000000000000000000000000000000000000000000000000000000000000000000000000000000000000000000000000000000000000000000000000000000000000000000000000000000000000000000000011101010010101010101010110100001000100010101000100101000000000100100000000101010000000000000000000000000000000000000000000000000000000000000000000000000000000000000000000000000000000000000000000000000000000000000000000000000000000000000000000000000000000000000000000000000000000000000000000000000000000000000000000000000000000000000000000000000
000000000000000000000000000000000000000000000000000000000000000000000000000000000000000000000000000000000000000000000000000000000000000000000000000000000000000000000000000000000000000000000000000000000000000000000000000000000000000000000000000000000000000000010100100101000001010101011100010001001000010010000001011010101000101010000000100101000000000000000000000000000000000000000000000000000000000000000000000000000000000000000000000000000000000000000000000000000000000000000000000000000000000000000000000000000000000000000000000000000000000000000000000000000000000000000000000000000000000000000000
000000000000000000000000000000000000000000000000000000000000000000000000000000000000000000000000000000000000000000000000000000000000000000000000000000000000000000000000000000000000000000000000000000000000000000000000000000000000000000000000000000000000000000000000000001010100000000000000000000100010101001010010000100000010000000010101000000000000000000000000000000000000000000000000000000000000000000000000000000000000000000000000000000000000000000000000000000000000000000000000000000000000000000000000000000000000000000000000000000000000000000000000000000000000000000000000000000000000000000000000
000000000000000000000000000000000000000000000000000000000000000000000000000000000000000000000000000000000000000000000000000000000000000000000000000000000000000000000000000000000000000000000000000000000000000000000000000000000000000000000000000000000000000000000000000000001011111111010000010010000010000000000100010001000100000000000000000000000000000000000000000000000000000000000000000000000000000000000000000000000000000000000000000000000000000000000000000000000000000000000000000000000000000000000000000000000000000000000000000000000000000000000000000000000000000000000000000000000000000000000000
000000000000000000000000000000000000000000000000000000000000000000000000000000000000000000000000000000000000000000000000000000000000000000000000000000000000000000000000000000000000000000000000000000000000000000000000000000000000000000000000000000000000000000000000000000000000000001000101000000000000000000000000000000000000000000000000000000000000000000000000000000000000000000000000000000000000000000000000000000000000000000000000000000000000000000000000000000000000000000000000000000000000000000000000000000000000000000000000000000000000000000000000000000000000000000000000000000000000000000000000
000000000000000000000000000000000000000000000000000000000000000000000000000000000000000000000000000000000000000000000000000000000000000000000000000000000000000000000000000000000000000000000000000000000000000000000000000000000000000000000000000000000000000000000000000000000000000000000010101010100000000000000000000000000000000000000000000000000000000000000000000000000000000000000000000000000000000000000000000000000000000000000000000000000000000000000000000000000000000000000000000000000000000000000000000000000000000000000000000000000000000000000000000000000000000000000000000000000000000000000000
000000000000000000000000000000000000000000000000000000000000000000000000000000000000000000000000000000000000000000000000000000000000000000000000000000000000000000000000000000000000000000000000000000000000000000000000000000000000000000000000000000000000000000000000000000000000000000000000000000000000000000000000000000000000000000000000000000000000000000000000000000000000000000000000000000000000000000000000000000000000000000000000000000000000000000000000000000000000000000000000000000000000000000000000000000000000000000000000000000000000000000000000000000000000000000000000000000000000000000000000